Date,AAPL,MSFT,AMZN,GOOGL,META,BRK-B,JNJ,V,JPM,PG,WMT,MA,UNH,HD,INTC
2021-01-04,127.16416931152344,211.99661254882812,159.3314971923828,86.30650329589844,268.94000244140625,228.4499969482422,144.3640594482422,213.11328125,115.58423614501953,127.93416595458984,140.39016723632812,345.62799072265625,335.2488098144531,245.34771728515625,45.504310607910156
2021-01-05,128.7364044189453,212.20111083984375,160.92550659179688,87.00250244140625,270.9700012207031,227.47000122070312,146.06138610839844,209.93263244628906,116.21316528320312,128.75106811523438,139.64285278320312,341.6258850097656,330.7403869628906,247.3277587890625,46.365474700927734
2021-01-06,124.40292358398438,206.69888305664062,156.91900634765625,86.14399719238281,263.30999755859375,230.27000427246094,147.43585205078125,208.08297729492188,121.6700439453125,130.1063232421875,140.5146942138672,341.75372314453125,344.620361328125,248.74081420898438,46.81437683105469
2021-01-07,128.64794921875,212.58090209960938,158.10800170898438,88.71700286865234,268.739990234375,232.8800048828125,147.9339599609375,209.24757385253906,125.66558837890625,128.89027404785156,140.50511169433594,344.4612121582031,350.1455078125,247.52308654785156,47.81296920776367
2021-01-08,129.75833129882812,213.87612915039062,159.13499450683594,89.8915023803711,267.57000732421875,234.02999877929688,147.62954711914062,210.85260009765625,125.8043212890625,128.8345947265625,140.48597717285156,348.3897399902344,348.5723876953125,250.15386962890625,47.318260192871094
2021-01-11,126.74162292480469,211.80184936523438,155.7104949951172,87.81449890136719,256.8399963378906,233.42999267578125,147.01148986816406,208.34719848632812,127.68187713623047,127.96202850341797,141.11827087402344,342.826904296875,346.0400085449219,252.14328002929688,47.21748733520508
2021-01-12,126.56473541259766,209.30880737304688,156.04150390625,86.87149810791016,251.08999633789062,233.02999877929688,145.86766052246094,204.4031982421875,129.68890380859375,127.21939849853516,142.72793579101562,337.6283874511719,342.7978210449219,256.8843994140625,48.7749137878418
2021-01-13,128.6184539794922,210.68190002441406,158.29449462890625,87.36250305175781,251.63999938964844,234.50999450683594,145.6462860107422,204.88275146484375,129.80911254882812,127.41432189941406,141.27157592773438,340.9857177734375,340.5628662109375,254.7648162841797,52.17376708984375
2021-01-14,126.6728515625,207.44876098632812,156.37350463867188,86.5459976196289,245.63999938964844,235.02000427246094,148.1922607421875,197.55258178710938,130.56752014160156,126.0590591430664,140.81170654296875,321.8851013183594,336.2367248535156,249.45663452148438,54.28086471557617
2021-01-15,124.93355560302734,207.0884246826172,155.21249389648438,86.38099670410156,251.36000061035156,233.49000549316406,147.86941528320312,197.28834533691406,128.2275390625,125.11222076416016,138.579345703125,318.2717590332031,336.975341796875,256.196533203125,52.75092315673828
2021-01-19,125.61156463623047,210.77932739257812,156.03799438476562,89.22350311279297,261.1000061035156,234.5500030517578,150.1571044921875,197.3568572998047,127.672607421875,124.01686096191406,137.38169860839844,320.910400390625,337.8290710449219,253.96534729003906,53.12653732299805
2021-01-20,129.73866271972656,218.47267150878906,163.16900634765625,94.00350189208984,267.4800109863281,234.75999450683594,149.78810119628906,201.61402893066406,125.75809478759766,122.46662902832031,139.41287231445312,329.741943359375,336.53411865234375,254.9972686767578,53.74950408935547
2021-01-21,134.4946746826172,219.08621215820312,165.34950256347656,94.2074966430664,272.8699951171875,234.16000366210938,149.18850708007812,200.76260375976562,124.7037124633789,122.34617614746094,138.780517578125,329.27923583984375,340.5244445800781,259.4129638671875,57.221656799316406
2021-01-22,136.65652465820312,220.04055786132812,164.6114959716797,94.62799835205078,274.5,232.9199981689453,150.86737060546875,197.7091522216797,123.7417984008789,121.40296936035156,140.1985321044922,323.9132995605469,333.3782043457031,264.01458740234375,51.90808868408203
2021-01-25,140.439697265625,223.52696228027344,164.6999969482422,94.71399688720703,278.010009765625,233.00999450683594,153.10891723632812,196.69131469726562,122.19723510742188,123.49486541748047,140.07395935058594,324.1102600097656,333.62762451171875,265.0186462402344,50.790401458740234
2021-01-26,140.67555236816406,226.2537384033203,166.30650329589844,95.39749908447266,282.04998779296875,231.57000732421875,157.25997924804688,197.69935607910156,121.69779968261719,124.28861236572266,141.3291015625,322.6432189941406,329.1192932128906,262.7131652832031,50.579689025878906
2021-01-27,139.59463500976562,226.8087921142578,161.62899780273438,90.9469985961914,272.1400146484375,227.36000061035156,154.86160278320312,190.8096160888672,118.2571792602539,119.89012145996094,137.81283569335938,310.6216735839844,319.4119567871094,254.7648162841797,49.095558166503906
2021-01-28,134.71087646484375,232.68112182617188,161.88099670410156,92.66000366210938,265.0,230.9499969482422,156.0423126220703,193.99026489257812,120.33819580078125,121.73916625976562,137.7266387939453,319.2760314941406,324.3614807128906,258.4833068847656,51.3675651550293
2021-01-29,129.6698760986328,225.89341735839844,160.30999755859375,91.36799621582031,258.3299865722656,227.8699951171875,150.47994995117188,189.1262664794922,119.00634765625,119.73136138916016,134.6032257080078,311.4093017578125,319.9779357910156,251.76220703125,50.85452651977539
2021-02-01,131.81204223632812,233.38226318359375,167.1439971923828,94.65350341796875,262.010009765625,229.32000732421875,150.09249877929688,194.1272430419922,119.8849868774414,120.44110107421875,133.43435668945312,316.5980224609375,320.3807373046875,251.0649871826172,51.935569763183594
2021-02-02,132.64735412597656,233.24594116210938,169.0,95.95600128173828,267.0799865722656,232.24000549316406,148.7457275390625,198.28659057617188,123.57533264160156,120.27298736572266,134.87149047851562,329.2103271484375,324.9083251953125,253.0078582763672,53.13570022583008
2021-02-03,131.6155242919922,236.6446533203125,165.62649536132812,102.94400024414062,266.6499938964844,232.67999267578125,148.0539093017578,197.063232421875,124.99040985107422,120.42240142822266,135.28347778320312,327.68426513671875,324.1121826171875,254.8763885498047,52.842533111572266
2021-02-04,135.0056915283203,235.68057250976562,166.5500030517578,102.68150329589844,266.489990234375,235.77000427246094,149.4283447265625,204.78489685058594,127.86683654785156,120.49711608886719,136.55775451660156,335.57061767578125,315.8916015625,259.1991882324219,54.18636703491211
2021-02-05,134.58741760253906,235.86558532714844,167.6074981689453,104.44149780273438,268.1000061035156,235.16000366210938,151.69757080078125,204.3151397705078,127.61710357666016,121.00142669677734,138.3110809326172,333.5227355957031,311.2777404785156,259.236328125,53.6241340637207
2021-02-08,134.73501586914062,236.12852478027344,166.14700317382812,104.22599792480469,266.5799865722656,237.4199981689453,152.13113403320312,202.47525024414062,129.61489868164062,120.62785339355469,138.9530029296875,331.82928466796875,311.1146545410156,260.3240661621094,54.52739334106445
2021-02-09,133.84934997558594,237.39453125,165.25,103.76950073242188,269.45001220703125,239.91000366210938,153.37644958496094,202.11314392089844,129.09695434570312,120.16092681884766,139.719482421875,328.294677734375,316.18896484375,257.29339599609375,54.17715072631836
2021-02-10,133.2391815185547,236.4693603515625,164.32899475097656,104.3239974975586,271.8699951171875,239.9199981689453,153.87460327148438,202.0348663330078,129.1709442138672,119.7406997680664,138.09072875976562,329.0527648925781,319.80517578125,259.0783386230469,54.25088882446289
2021-02-11,132.98333740234375,238.09571838378906,163.10650634765625,104.4375,270.3900146484375,239.75999450683594,153.18275451660156,206.48486328125,128.81024169921875,119.84339904785156,137.9853057861328,337.5791320800781,319.48870849609375,257.56298828125,55.909934997558594
2021-02-12,133.21949768066406,238.58262634277344,163.885498046875,104.75150299072266,270.5,242.4600067138672,153.66241455078125,205.79876708984375,130.64154052734375,119.18037414550781,138.41647338867188,335.7380065917969,314.85565185546875,257.9814453125,56.96988296508789
2021-02-16,131.0741424560547,237.3263397216797,163.44749450683594,105.53500366210938,273.9700012207031,245.27999877929688,152.26953125,203.779541015625,133.78616333007812,119.46053314208984,139.55661010742188,335.9447326660156,311.38323974609375,256.010498046875,57.57819747924805
2021-02-17,128.76144409179688,238.3610076904297,165.4320068359375,105.93099975585938,273.57000732421875,245.25,152.81375122070312,203.39730834960938,134.20240783691406,119.9648208618164,141.0320587158203,332.1246032714844,313.53192138671875,261.1513977050781,57.00674819946289
2021-02-18,127.64939880371094,237.9608154296875,166.4114990234375,105.29049682617188,269.3900146484375,243.5,152.8875274658203,205.2008514404297,134.65557861328125,120.96405029296875,131.89183044433594,333.2371826171875,315.0187072753906,263.1314697265625,56.785552978515625
2021-02-19,127.806884765625,235.208251953125,162.4949951171875,104.44049835205078,261.55999755859375,241.85000610351562,150.3415985107422,200.67237854003906,136.903076171875,118.71343231201172,132.5433349609375,328.0289306640625,311.3448791503906,259.96148681640625,58.07592010498047
2021-02-22,123.99835968017578,228.9027099609375,159.03700256347656,102.71299743652344,260.3299865722656,244.97000122070312,150.2487335205078,204.1912078857422,138.18869018554688,118.20914459228516,131.9205322265625,335.4032287597656,314.28009033203125,256.4382019042969,55.956016540527344
2021-02-23,123.86058044433594,227.6923370361328,159.72500610351562,103.00599670410156,265.8599853515625,245.52999877929688,148.9214324951172,207.90614318847656,139.29856872558594,119.08698272705078,129.7935791015625,345.0126647949219,316.0738830566406,248.43408203125,56.33391571044922
2021-02-24,123.35868835449219,228.9417266845703,157.97650146484375,104.19049835205078,264.30999755859375,248.4499969482422,150.9170684814453,215.08103942871094,141.74951171875,119.21773529052734,127.62825775146484,361.65185546875,318.6637268066406,241.67568969726562,58.2418212890625
2021-02-25,119.06794738769531,223.5146942138672,152.85800170898438,100.79750061035156,254.69000244140625,243.69000244140625,151.07484436035156,209.51361083984375,139.82574462890625,118.20914459228516,126.42107391357422,349.0986022949219,315.4599609375,237.2877960205078,55.67029571533203
2021-02-26,119.33366394042969,226.82362365722656,154.64649963378906,101.09549713134766,257.6199951171875,240.50999450683594,147.0835723876953,208.1805877685547,136.11691284179688,115.36084747314453,124.47612762451172,348.3897399902344,318.6733703613281,240.16033935546875,56.020538330078125
2021-03-01,125.75993347167969,231.27459716796875,157.3070068359375,103.48300170898438,264.9100036621094,249.2100067138672,147.8818359375,212.33656311035156,139.1968231201172,116.0705795288086,125.86538696289062,357.300048828125,321.0042419433594,243.20953369140625,57.95609664916992
2021-03-02,123.13233184814453,228.27798461914062,154.72650146484375,103.2239990234375,259.0,249.22000122070312,147.60337829589844,211.4935760498047,138.74362182617188,115.70637512207031,124.65816497802734,357.2213439941406,320.9946594238281,241.97315979003906,56.44451904296875
2021-03-03,120.12094116210938,222.11888122558594,150.25,100.57050323486328,255.41000366210938,251.5500030517578,145.00440979003906,210.59181213378906,141.4258270263672,115.01530456542969,122.2437744140625,354.6910095214844,319.2968444824219,239.24932861328125,55.20944595336914
2021-03-04,118.22159576416016,221.30874633789062,148.8784942626953,101.69650268554688,257.6400146484375,245.47999572753906,142.08055114746094,207.3082275390625,139.25230407714844,114.07210540771484,122.18628692626953,344.1068420410156,320.19854736328125,233.27182006835938,53.76239013671875
2021-03-05,119.4911117553711,226.06228637695312,150.0229949951172,104.85350036621094,264.2799987792969,253.14999389648438,144.89300537109375,211.14073181152344,139.5760498046875,117.64881896972656,123.70965576171875,355.3112487792969,332.9465637207031,235.67953491210938,55.983680725097656
2021-03-08,114.51150512695312,221.95294189453125,147.59750366210938,100.375,255.30999755859375,257.6099853515625,146.09967041015625,215.9044189453125,141.4258270263672,118.89087677001953,122.52161407470703,365.6000061035156,335.8914489746094,240.80181884765625,55.16335678100586
2021-03-09,119.16634368896484,228.19015502929688,153.1425018310547,102.01799774169922,265.739990234375,259.0199890136719,146.37811279296875,215.9926300048828,140.42694091796875,117.8355941772461,123.48928833007812,370.7099304199219,337.62762451171875,246.3144989013672,57.762535095214844
2021-03-10,118.07398223876953,226.8626708984375,152.8820037841797,101.80950164794922,264.8999938964844,263.989990234375,147.72402954101562,218.7469482421875,143.4790802001953,118.91886901855469,126.64142608642578,375.8099670410156,335.3446350097656,249.0553741455078,57.375423431396484
2021-03-11,120.02252197265625,231.46006774902344,155.67950439453125,105.0270004272461,273.8800048828125,260.9100036621094,147.71475219726562,221.6678466796875,142.72991943359375,118.51731872558594,126.59352111816406,378.4485778808594,338.70196533203125,251.49693298339844,58.3524169921875
2021-03-12,119.10730743408203,230.113037109375,154.47450256347656,102.5,268.3999938964844,260.0199890136719,148.14175415039062,219.913330078125,144.42247009277344,119.66598510742188,128.50013732910156,376.8043518066406,342.7160949707031,255.47264099121094,57.974525451660156
2021-03-15,122.02027893066406,229.1955108642578,154.08399963378906,102.72200012207031,273.75,254.61000061035156,148.90284729003906,218.84494018554688,143.7010498046875,120.0582046508789,127.8390884399414,375.86907958984375,340.6560363769531,260.56146240234375,58.794837951660156
2021-03-16,123.57518768310547,232.0261688232422,154.59300231933594,104.19450378417969,279.2799987792969,251.5,149.78465270996094,220.24661254882812,141.98072814941406,120.41307830810547,127.80072784423828,376.47943115234375,341.34918212890625,263.87298583984375,59.70730972290039
2021-03-17,122.77806091308594,231.37220764160156,156.7864990234375,104.11100006103516,284.010009765625,252.0,149.2277374267578,218.5998992919922,143.4420928955078,119.9274673461914,126.73723602294922,372.8366394042969,339.0195617675781,261.9553527832031,60.629005432128906
2021-03-18,118.61524963378906,225.20330810546875,151.39950561523438,101.06700134277344,278.6199951171875,252.4600067138672,148.9492645263672,216.28665161132812,145.809814453125,120.1889419555664,125.08243560791016,361.3367919921875,348.52081298828125,264.88330078125,58.739540100097656
2021-03-19,118.0838394165039,224.84219360351562,153.7480010986328,101.3479995727539,290.1099853515625,250.99000549316406,148.5501251220703,202.79937744140625,143.48834228515625,119.54457092285156,126.74687957763672,351.00872802734375,351.9188537597656,270.43988037109375,58.767181396484375
2021-03-22,121.42982482910156,230.34730529785156,155.5435028076172,101.53450012207031,293.5400085449219,250.36000061035156,148.97714233398438,203.87757873535156,139.63153076171875,121.5710678100586,127.35298156738281,352.8695373535156,353.1510314941406,270.2901916503906,60.49074935913086
2021-03-23,120.59330749511719,231.8992919921875,156.875,102.06649780273438,290.6300048828125,248.30999755859375,148.837890625,204.02462768554688,138.2349395751953,123.83106231689453,128.86349487304688,349.7878112792969,354.72979736328125,271.2630920410156,58.50910949707031
2021-03-24,118.1822280883789,229.82997131347656,154.35350036621094,101.62650299072266,282.1400146484375,249.6300048828125,150.28590393066406,203.9462127685547,139.30780029296875,123.79367065429688,128.06495666503906,354.1002197265625,356.7513122558594,273.85430908203125,57.1818733215332
2021-03-25,118.6742935180664,226.7845916748047,152.31300354003906,101.62300109863281,278.739990234375,250.75,150.34158325195312,203.84817504882812,141.09286499023438,124.65283203125,128.93081665039062,352.83013916015625,357.2230224609375,277.99835205078125,57.16343307495117
2021-03-26,119.28445434570312,230.8256072998047,152.60150146484375,101.23650360107422,283.0199890136719,256.7699890136719,153.0890655517578,209.29798889160156,143.4420928955078,126.49256134033203,130.00840759277344,360.4900817871094,362.41156005859375,284.20037841796875,59.79026412963867
2021-03-29,119.46158599853516,229.61524963378906,153.7864990234375,102.28949737548828,290.82000732421875,258.82000732421875,154.119384765625,210.258544921875,141.2130889892578,128.4723358154297,131.49002075195312,357.3099365234375,364.89520263671875,282.6943359375,59.44923782348633
2021-03-30,117.9952621459961,226.30630493164062,152.76449584960938,102.32350158691406,288.0,258.19000244140625,153.16331481933594,207.7002716064453,142.87786865234375,126.49256134033203,130.59524536132812,352.6725769042969,359.6006774902344,285.1452331542969,58.77640151977539
2021-03-31,120.20951843261719,230.13258361816406,154.70399475097656,103.1259994506836,294.5299987792969,255.47000122070312,152.55072021484375,207.5336456298828,140.79685974121094,126.47388458251953,130.6818389892578,350.5557861328125,358.1663818359375,285.54742431640625,58.98838806152344
2021-04-01,121.04601287841797,236.5552215576172,158.0500030517578,106.48899841308594,298.6600036621094,258.20001220703125,151.1398162841797,212.56198120117188,142.16574096679688,125.3999252319336,130.4798126220703,357.69384765625,353.35321044921875,287.8861389160156,59.495323181152344
2021-04-05,123.89994812011719,243.11456298828125,161.3365020751953,110.947998046875,308.9100036621094,262.6600036621094,151.6967315673828,214.6987762451172,142.91932678222656,127.42642211914062,134.14540100097656,362.636474609375,356.34698486328125,295.0423278808594,61.329498291015625
2021-04-06,124.20500946044922,241.93350219726562,161.1909942626953,110.46299743652344,306.260009765625,263.05999755859375,151.6596221923828,214.31651306152344,141.91453552246094,127.47310638427734,134.79000854492188,363.86712646484375,350.754150390625,293.52685546875,60.426231384277344
2021-04-07,125.86817169189453,243.92471313476562,163.96949768066406,111.95149993896484,313.0899963378906,263.6199951171875,151.8638458251953,214.9242401123047,144.1380615234375,127.697265625,134.5013885498047,365.3538818359375,351.97662353515625,292.30145263671875,61.062198638916016
2021-04-08,128.28909301757812,247.19461059570312,164.96499633789062,112.52149963378906,313.0199890136719,263.510009765625,151.26980590820312,216.3258514404297,144.3148193359375,128.18287658691406,134.41481018066406,372.3525695800781,351.2546691894531,294.13494873046875,61.799564361572266
2021-04-09,130.88714599609375,249.7324981689453,168.61000061035156,113.53350067138672,312.4599914550781,266.010009765625,149.6732635498047,218.10980224609375,145.39404296875,127.35171508789062,134.48214721679688,374.6591796875,362.23828125,298.6251525878906,62.9148063659668
2021-04-12,129.1551055908203,249.79100036621094,168.96949768066406,112.23100280761719,311.5400085449219,267.92999267578125,150.03524780273438,217.0806427001953,145.0869903564453,127.86534881591797,134.5013885498047,374.422607421875,362.2190246582031,300.08447265625,60.28797149658203
2021-04-13,132.29440307617188,252.30934143066406,170.0,112.72149658203125,309.760009765625,267.1000061035156,148.0303497314453,216.6395263671875,143.35655212402344,126.17503356933594,134.0876922607422,372.737060546875,360.5055847167969,299.7196350097656,60.11285400390625
2021-04-14,129.9325714111328,249.47865295410156,166.64999389648438,112.09549713134766,302.82000732421875,267.5299987792969,148.43875122070312,217.5804901123047,140.6772003173828,126.63262939453125,134.03956604003906,372.9243469238281,361.5933837890625,299.3641357421875,59.16351318359375
2021-04-15,132.36331176757812,253.29522705078125,168.95449829101562,114.26249694824219,307.82000732421875,269.1400146484375,148.87503051757812,221.79527282714844,141.57029724121094,128.16419982910156,134.84774780273438,380.977783203125,375.43597412109375,301.9085998535156,59.92851257324219
2021-04-16,132.02874755859375,254.50552368164062,169.9720001220703,114.13749694824219,306.17999267578125,272.1099853515625,150.5922088623047,221.92271423339844,142.62161254882812,128.1735382080078,135.28067016601562,380.662353515625,376.3985900878906,306.90386962890625,59.67965316772461
2021-04-19,132.6979217529297,252.55331420898438,168.60049438476562,114.48799896240234,302.239990234375,270.2799987792969,151.0099334716797,221.3149871826172,142.01687622070312,127.57585144042969,134.41481018066406,376.7095031738281,375.27227783203125,305.7532653808594,58.64737319946289
2021-04-20,130.99542236328125,252.08485412597656,166.7344970703125,113.95050048828125,302.6499938964844,267.8900146484375,154.52777099609375,218.854736328125,138.872314453125,128.64047241210938,135.45384216308594,371.25836181640625,381.7123718261719,303.0497741699219,57.790184020996094
2021-04-21,131.37921142578125,254.34933471679688,168.1009979248047,113.9175033569336,301.4700012207031,272.2099914550781,154.62989807128906,222.94210815429688,140.0538330078125,127.79998016357422,135.84829711914062,377.6361999511719,383.90716552734375,304.9114074707031,58.711883544921875
2021-04-22,129.843994140625,251.02088928222656,165.45199584960938,112.6259994506836,296.5199890136719,269.510009765625,153.3211212158203,223.05972290039062,137.10467529296875,126.53119659423828,134.3762969970703,377.89239501953125,381.72198486328125,300.711181640625,57.67036437988281
2021-04-23,132.1862030029297,254.9057159423828,167.04400634765625,114.99649810791016,301.1300048828125,271.9800109863281,153.63673400878906,225.44155883789062,139.7282257080078,125.88270568847656,134.59756469726562,381.5396423339844,385.3510437011719,302.984375,54.60112762451172
2021-04-26,132.57980346679688,255.296142578125,170.4499969482422,115.49649810791016,303.0400085449219,270.8599853515625,152.33721923828125,225.77481079101562,140.0724639892578,123.3638916015625,132.68301391601562,381.94378662109375,381.0673522949219,299.33612060546875,54.15871047973633
2021-04-27,132.2550811767578,255.7061309814453,170.8715057373047,114.54900360107422,303.57000732421875,273.6499938964844,151.46469116210938,225.35333251953125,140.7144012451172,123.28872680664062,133.1351776123047,383.52105712890625,379.7581787109375,299.8973083496094,53.430580139160156
2021-04-28,131.45794677734375,248.47328186035156,172.9250030517578,117.9520034790039,307.1000061035156,272.95001220703125,150.35086059570312,228.8231964111328,141.62611389160156,123.4954833984375,132.66375732421875,390.0071716308594,379.8448181152344,299.0740966796875,53.10799026489258
2021-04-29,131.3595428466797,246.47230529785156,173.5655059814453,119.63800048828125,329.510009765625,277.6000061035156,152.4114532470703,232.1656036376953,144.37994384765625,124.53870391845703,134.33782958984375,383.40264892578125,386.54473876953125,304.3406982421875,53.71630859375
2021-04-30,129.3716278076172,246.15020751953125,173.37100219726562,117.67500305175781,325.0799865722656,274.95001220703125,151.04702758789062,228.9309844970703,143.09605407714844,125.39395141601562,134.60723876953125,376.6109313964844,383.8975524902344,302.778564453125,53.0250358581543
2021-05-03,130.43446350097656,245.8378448486328,169.32449340820312,117.15399932861328,322.5799865722656,279.17999267578125,153.34893798828125,227.9998321533203,142.67742919921875,126.87893676757812,136.7334747314453,373.9889221191406,390.7322082519531,308.9525451660156,52.776180267333984
2021-05-04,125.8189697265625,241.86517333984375,165.593505859375,115.34149932861328,318.3599853515625,280.260009765625,155.72518920898438,227.43130493164062,144.64976501464844,126.44659423828125,135.38648986816406,370.54864501953125,395.9688720703125,311.29119873046875,52.444374084472656
2021-05-05,126.06499481201172,240.57675170898438,163.52699279785156,115.7385025024414,315.0199890136719,282.760009765625,155.07545471191406,224.66722106933594,146.54763793945312,125.43156433105469,135.27108764648438,363.8752136230469,397.0855712890625,310.61767578125,52.39828109741211
2021-05-06,127.67894744873047,243.75875854492188,165.31849670410156,116.86750030517578,320.0199890136719,289.7099914550781,155.6973114013672,226.73541259765625,149.49684143066406,127.010498046875,136.2369384765625,370.1248474121094,399.4632568359375,315.7907409667969,53.03630828857422
2021-05-07,128.35916137695312,246.42352294921875,164.58050537109375,117.59649658203125,319.0799865722656,290.92999267578125,156.4027557373047,227.51954650878906,150.00852966308594,127.01991271972656,135.41592407226562,370.04595947265625,402.0430908203125,317.35296630859375,53.4814567565918
2021-05-10,125.0468978881836,241.2697296142578,159.52450561523438,114.5875015258789,305.9700012207031,292.3299865722656,158.0457000732422,221.49139404296875,149.98992919921875,129.38832092285156,136.01480102539062,361.11517333984375,405.16204833984375,319.10223388671875,51.9049186706543
2021-05-11,124.12024688720703,240.34246826171875,161.19549560546875,113.50299835205078,306.5299987792969,285.6300048828125,156.75552368164062,221.0111541748047,147.49658203125,128.74923706054688,134.7881317138672,362.3670349121094,396.3154602050781,309.3173828125,51.0424690246582
2021-05-12,121.0248794555664,233.28533935546875,157.5970001220703,110.01249694824219,302.54998779296875,282.9100036621094,156.12429809570312,216.25726318359375,146.48252868652344,127.3864517211914,131.3013458251953,351.5337829589844,390.22198486328125,296.53912353515625,49.72560119628906
2021-05-13,123.1936264038086,237.218994140625,158.07350158691406,111.4520034790039,305.260009765625,286.8999938964844,157.75794982910156,219.6241912841797,150.2504119873047,129.435302734375,133.5228271484375,354.88531494140625,393.29278564453125,304.41552734375,50.087276458740234
2021-05-14,125.63835144042969,242.216552734375,161.14500427246094,113.91899871826172,315.94000244140625,290.67999267578125,157.99928283691406,222.76531982421875,152.5855712890625,129.7078399658203,134.75912475585938,358.7198181152344,394.4864196777344,302.7411193847656,51.329952239990234
2021-05-17,124.47513580322266,239.31756591796875,163.51950073242188,114.44599914550781,315.4599914550781,289.2200012207031,158.15708923339844,222.27450561523438,153.1995849609375,129.4447021484375,134.15065002441406,358.11846923828125,393.36016845703125,299.35479736328125,51.3114013671875
2021-05-18,123.0753173828125,237.26779174804688,161.61399841308594,113.12349700927734,309.9599914550781,287.5899963378906,158.21278381347656,221.4205322265625,151.04122924804688,128.1195068359375,137.06761169433594,357.8918151855469,395.04473876953125,296.3051452636719,50.85699462890625
2021-05-19,122.9176025390625,237.8547821044922,161.58999633789062,113.57499694824219,313.5899963378906,286.2200012207031,157.8693084716797,220.45852661132812,149.8875732421875,128.38265991210938,137.0772247314453,355.8315734863281,394.19769287109375,294.1536560058594,51.339229583740234
2021-05-20,125.50035095214844,241.14202880859375,162.38400268554688,115.34750366210938,318.6099853515625,286.7300109863281,158.7882537841797,222.27450561523438,149.6270751953125,129.6984405517578,137.56019592285156,362.4557189941406,393.36981201171875,295.5101013183594,51.88637924194336
2021-05-21,123.6470718383789,239.86038208007812,160.1540069580078,114.70649719238281,316.2300109863281,287.739990234375,158.6861572265625,222.5984344482422,151.32960510253906,129.6984405517578,136.9130401611328,362.35723876953125,396.2480773925781,295.388427734375,52.00693130493164
2021-05-24,125.29332733154297,245.3489227294922,162.24949645996094,118.052001953125,324.6300048828125,289.7300109863281,159.29324340820312,225.10154724121094,152.14830017089844,129.66085815429688,136.9227294921875,367.06903076171875,395.593505859375,294.5184631347656,52.82301712036133
2021-05-25,125.09618377685547,246.26852416992188,162.95249938964844,118.14350128173828,327.7900085449219,287.20001220703125,158.854248046875,224.80703735351562,150.57606506347656,130.1025848388672,137.48291015625,361.9826354980469,397.6150207519531,296.3051452636719,52.73955154418945
2021-05-26,125.0468978881836,246.04351806640625,163.25799560546875,119.0155029296875,327.6600036621094,287.3299865722656,157.91091918945312,222.89292907714844,150.5574493408203,129.81126403808594,137.31871032714844,357.4778137207031,397.7689514160156,296.84783935546875,52.78592300415039
2021-05-27,123.49920654296875,243.9107208251953,161.5054931640625,118.13400268554688,332.75,289.29998779296875,157.6680908203125,222.68679809570312,152.9019012451172,126.8601303100586,136.8551025390625,356.8370666503906,397.2781066894531,298.1947937011719,53.5370979309082
2021-05-28,122.8387451171875,244.2727508544922,161.15350341796875,117.84249877929688,328.7300109863281,289.44000244140625,158.07904052734375,223.1186981201172,152.79954528808594,126.73796081542969,137.1834716796875,355.43731689453125,396.5272521972656,298.3257751464844,52.97140121459961
2021-06-01,122.51342010498047,242.04209899902344,160.9324951171875,119.05899810791016,329.1300048828125,289.8399963378906,154.60459899902344,222.46102905273438,154.4834747314453,124.88646697998047,136.8261260986328,354.6585693359375,391.5215759277344,295.8935546875,52.75810241699219
2021-06-02,123.28233337402344,241.94427490234375,161.69949340820312,118.52950286865234,329.1499938964844,290.0199890136719,155.23037719726562,225.43527221679688,154.49278259277344,125.43156433105469,136.5266876220703,361.61785888671875,390.6840515136719,294.5489196777344,53.30524826049805
2021-06-03,121.78392791748047,240.38868713378906,159.35049438476562,117.37899780273438,326.0400085449219,291.9700012207031,155.0809326171875,223.91378784179688,154.5950927734375,127.67779541015625,136.76815795898438,356.6596984863281,392.7152099609375,292.856201171875,52.155311584472656
2021-06-04,124.10053253173828,245.35865783691406,160.31100463867188,119.67849731445312,330.3500061035156,292.5199890136719,155.01556396484375,225.9064483642578,154.84629821777344,127.77179718017578,137.00965881347656,360.79974365234375,390.4819030761719,292.4612731933594,53.20323944091797
2021-06-07,124.11039733886719,248.31326293945312,159.90049743652344,120.11499786376953,336.5799865722656,289.4599914550781,153.9601287841797,227.0647430419922,154.12066650390625,128.2135009765625,136.09202575683594,358.88739013671875,385.2933044433594,291.473876953125,52.94357681274414
2021-06-08,124.93846130371094,247.1001434326172,163.20550537109375,119.9219970703125,333.67999267578125,289.19000244140625,152.60581970214844,227.78131103515625,153.50662231445312,126.72855377197266,135.05857849121094,360.05059814453125,386.7276611328125,292.35784912109375,52.8601188659668
2021-06-09,125.32290649414062,248.09803771972656,164.0574951171875,120.39700317382812,330.25,288.5799865722656,154.66062927246094,228.0364990234375,151.59010314941406,126.68156433105469,134.33416748046875,358.14813232421875,386.1115417480469,289.0101623535156,52.8601188659668
2021-06-10,124.31741333007812,251.66900634765625,167.4824981689453,121.75650024414062,332.4599914550781,284.9100036621094,156.0522918701172,229.64634704589844,149.22702026367188,127.62142181396484,135.1068572998047,359.104248046875,386.4870300292969,289.9223327636719,53.21250915527344
2021-06-11,125.53978729248047,252.30494689941406,167.3415069580078,121.51000213623047,331.260009765625,286.82000732421875,154.07220458984375,230.63778686523438,149.1247100830078,126.74734497070312,135.94720458984375,360.287109375,383.0215148925781,292.2355651855469,53.64837646484375
2021-06-14,128.62525939941406,254.26161193847656,169.19349670410156,122.44550323486328,336.7699890136719,283.5299987792969,154.4551239013672,229.77395629882812,146.59417724609375,126.79434967041016,135.76365661621094,361.2926330566406,384.2441101074219,290.8721008300781,53.963687896728516
2021-06-15,127.79725646972656,252.76473999023438,169.156494140625,121.41950225830078,336.75,283.94000244140625,153.6332244873047,228.69419860839844,144.37063598632812,126.54998779296875,135.22276306152344,362.8697204589844,385.32220458984375,288.1732482910156,53.7782096862793
2021-06-16,128.29994201660156,251.8059539794922,170.7624969482422,120.77249908447266,331.0799865722656,283.1099853515625,153.57716369628906,225.37640380859375,145.3847198486328,124.79247283935547,132.4700164794922,358.631103515625,382.4053955078125,284.72216796875,53.06413650512695
2021-06-17,129.9166717529297,255.24972534179688,174.46200561523438,121.74349975585938,336.510009765625,278.69000244140625,154.31504821777344,227.87945556640625,141.18887329101562,125.92969512939453,133.02056884765625,362.0516052246094,382.5017395019531,285.04180908203125,53.02703857421875
2021-06-18,128.60557556152344,253.8115997314453,174.34500122070312,120.11100006103516,329.6600036621094,274.0400085449219,151.2888946533203,226.17149353027344,137.6163787841797,124.08760070800781,130.55758666992188,362.1797790527344,376.19268798828125,284.562255859375,51.626705169677734
2021-06-21,130.41943359375,256.9422912597656,172.697998046875,121.8125,332.2900085449219,277.1000061035156,153.02610778808594,230.0095672607422,139.95152282714844,125.06503295898438,131.74562072753906,367.7689514160156,384.5982360839844,289.254638671875,51.81218338012695
2021-06-22,132.07553100585938,259.7599182128906,175.27200317382812,122.33049774169922,339.0299987792969,276.9200134277344,152.8206329345703,231.5899200439453,139.74685668945312,125.11201477050781,132.35414123535156,372.6483459472656,385.197265625,294.0599365234375,51.81218338012695
2021-06-23,131.79953002929688,259.52508544921875,175.1909942626953,122.12699890136719,340.5899963378906,274.6600036621094,151.89601135253906,230.36289978027344,140.5934600830078,124.9334487915039,131.3206329345703,369.7897033691406,382.17315673828125,293.0819396972656,51.24648666381836
2021-06-24,131.51364135742188,260.914306640625,172.45399475097656,122.5,343.17999267578125,275.489990234375,152.58712768554688,231.89422607421875,141.88662719726562,125.01805114746094,132.23818969726562,369.4052429199219,385.3711853027344,293.2417907714844,51.997657775878906
2021-06-25,131.21792602539062,259.2805480957031,170.072998046875,122.50849914550781,341.3699951171875,278.3800048828125,153.37171936035156,232.95436096191406,143.31936645507812,126.80374908447266,133.8029327392578,374.1959228515625,391.24542236328125,294.9250183105469,51.84927749633789
2021-06-28,132.8641815185547,262.900390625,172.1945037841797,122.53600311279297,355.6400146484375,276.6099853515625,153.1942138671875,229.7837677001953,143.57984924316406,127.17967987060547,133.3876190185547,362.43603515625,387.8735046386719,295.5362548828125,53.30524826049805
2021-06-29,134.39215087890625,265.5223388671875,172.40699768066406,122.27249908447266,351.8900146484375,276.2099914550781,153.20359802246094,231.6095733642578,143.40310668945312,126.31503295898438,132.61489868164062,362.7514953613281,384.6272277832031,299.2601318359375,52.62826156616211
2021-06-30,135.01316833496094,265.0331726074219,172.00799560546875,122.0895004272461,347.7099914550781,277.9200134277344,153.86672973632812,229.5187225341797,144.70555114746094,126.81314086914062,136.20797729492188,359.88299560546875,386.88800048828125,299.871337890625,52.06257247924805
2021-07-01,135.31878662109375,265.7180480957031,171.64849853515625,122.44450378417969,354.3900146484375,280.1700134277344,155.00621032714844,230.82427978515625,146.13829040527344,127.1045150756836,134.5659637451172,365.4228210449219,391.1874694824219,302.36328125,51.9420166015625
2021-07-02,137.9705352783203,271.636962890625,175.5489959716797,125.25749969482422,354.70001220703125,279.1199951171875,157.82684326171875,234.24026489257812,145.99794006347656,127.72478485107422,135.32901000976562,369.68121337890625,395.5061340332031,303.4541015625,52.637542724609375
2021-07-06,140.0012664794922,271.6467590332031,183.78700256347656,126.19000244140625,352.7799987792969,277.32000732421875,156.88352966308594,235.19244384765625,143.54640197753906,127.7999496459961,135.16482543945312,370.755615234375,396.3757019042969,300.2192687988281,52.01621627807617
2021-07-07,142.51502990722656,273.86761474609375,184.82899475097656,126.4739990234375,350.489990234375,279.239990234375,158.228515625,235.58505249023438,143.71485900878906,128.75860595703125,134.94265747070312,368.5870361328125,397.7283630371094,304.18756103515625,51.89563751220703
2021-07-08,141.2039031982422,271.4119873046875,186.57049560546875,125.04399871826172,345.6499938964844,274.1000061035156,157.92025756835938,232.25743103027344,141.23521423339844,128.7398223876953,134.82675170898438,365.3402099609375,396.0762023925781,299.5422058105469,51.36704635620117
2021-07-09,143.0473175048828,271.92071533203125,185.9669952392578,125.51850128173828,350.4200134277344,280.489990234375,158.5460662841797,234.08322143554688,145.7546844482422,128.7867889404297,135.5124969482422,368.0540771484375,398.1631164550781,302.8804626464844,51.92347717285156
2021-07-12,142.44601440429688,271.31414794921875,185.92750549316406,126.97550201416016,353.1600036621094,280.1099853515625,158.29388427734375,233.49424743652344,147.84127807617188,128.89019775390625,135.27108764648438,370.6398010253906,401.9600830078125,302.55133056640625,52.60972213745117
2021-07-13,143.56980895996094,274.89483642578125,183.8679962158203,127.34149932861328,352.0899963378906,279.2099914550781,158.0977325439453,237.89181518554688,145.64239501953125,128.7304229736328,135.78297424316406,378.68304443359375,404.3755187988281,298.1410217285156,52.73955154418945
2021-07-14,147.02989196777344,276.3917236328125,184.08399963378906,128.23699951171875,347.6300048828125,278.30999755859375,159.1718292236328,241.4648895263672,145.1464385986328,129.67965698242188,136.71987915039062,385.68011474609375,400.70404052734375,300.181640625,52.414974212646484
2021-07-15,146.3694305419922,274.9437561035156,181.55999755859375,127.00499725341797,344.4599914550781,279.7200012207031,157.25711059570312,243.977783203125,145.46461486816406,130.78868103027344,136.8261260986328,385.1176452636719,405.83441162109375,303.4635009765625,51.75654220581055
2021-07-16,144.30914306640625,274.6698303222656,178.68150329589844,126.97000122070312,341.1600036621094,277.8999938964844,157.00494384765625,243.55567932128906,142.14283752441406,132.0574493408203,136.72955322265625,382.04840087890625,405.49627685546875,302.36328125,50.9775505065918
2021-07-19,140.42514038085938,271.0108642578125,177.47950744628906,124.5780029296875,336.95001220703125,272.6600036621094,155.86546325683594,235.98751831054688,137.52044677734375,131.99169921875,136.41079711914062,360.6622619628906,395.21630859375,299.8525390625,50.67152404785156
2021-07-20,144.07257080078125,273.27081298828125,178.6595001220703,126.20950317382812,341.6600036621094,276.8900146484375,157.3318328857422,238.23541259765625,140.0843048095703,131.28680419921875,137.02896118164062,369.4851379394531,398.9940185546875,305.9460754394531,51.227943420410156
2021-07-21,143.33322143554688,275.3057861328125,179.25999450683594,127.54900360107422,346.2300109863281,279.8800048828125,158.30320739746094,239.177734375,143.03175354003906,130.82626342773438,136.3528289794922,375.0808410644531,400.6074523925781,306.8957824707031,52.146034240722656
2021-07-22,144.7133026123047,279.9431457519531,181.90150451660156,128.42149353027344,351.19000244140625,277.70001220703125,158.76087951660156,239.64889526367188,141.22584533691406,130.3250274658203,136.44943237304688,377.1533203125,401.69921875,307.1778869628906,51.89563751220703
2021-07-23,146.44830322265625,283.3966369628906,182.83200073242188,133.01499938964844,369.7900085449219,278.489990234375,160.45140075683594,244.4391326904297,140.95449829101562,132.2070770263672,137.56983947753906,388.10791015625,403.5639343261719,312.9893493652344,49.150634765625
2021-07-26,146.87217712402344,282.79010009765625,184.99099731445312,134.03500366210938,372.4599914550781,278.79998779296875,160.526123046875,245.64649963378906,141.89955139160156,132.67050170898438,137.7630157470703,387.6539306640625,399.5447082519531,311.42828369140625,50.36548614501953
2021-07-27,144.6837158203125,280.3344421386719,181.3195037841797,131.89999389648438,367.80999755859375,280.7799987792969,161.26400756835938,246.31399536132812,141.71241760253906,133.20957946777344,137.77267456054688,385.1570739746094,401.0519714355469,307.7421569824219,49.317562103271484
2021-07-28,142.91917419433594,280.0213928222656,181.51600646972656,136.093994140625,373.2799987792969,278.1000061035156,160.81565856933594,242.39739990234375,141.9463653564453,131.2329559326172,137.2124481201172,378.4165954589844,395.32257080078125,306.1058654785156,49.21554946899414
2021-07-29,143.56980895996094,280.2952880859375,179.99600219726562,135.77749633789062,358.32000732421875,279.760009765625,160.81565856933594,243.35934448242188,143.16278076171875,131.91390991210938,137.38633728027344,383.7162170410156,398.1341247558594,307.9019775390625,49.7997932434082
2021-07-30,143.7866668701172,278.7397766113281,166.37950134277344,134.72650146484375,356.29998779296875,278.2900085449219,160.8343505859375,241.8574981689453,142.02120971679688,134.5146942138672,137.68576049804688,380.8838195800781,398.2693786621094,308.6166687011719,49.81834030151367
2021-08-02,143.4514923095703,278.65167236328125,166.57400512695312,134.85450744628906,351.95001220703125,278.1400146484375,160.8997039794922,235.36912536621094,141.450439453125,134.1837158203125,137.36703491210938,370.3437194824219,401.5059814453125,307.70452880859375,49.7812385559082
2021-08-03,145.26535034179688,280.90185546875,168.31199645996094,135.6300048828125,351.239990234375,281.79998779296875,162.87979125976562,232.72860717773438,143.0598602294922,136.14138793945312,138.9124298095703,362.78411865234375,407.621826171875,312.14306640625,50.13365173339844
2021-08-04,144.86117553710938,280.3050842285156,167.73599243164062,135.12550354003906,358.9200134277344,278.7799987792969,161.91778564453125,232.31629943847656,141.5159149169922,134.70388793945312,137.96585083007812,363.188720703125,407.2740173339844,310.61016845703125,49.985267639160156
2021-08-05,144.96961975097656,283.2498779296875,168.79949951171875,136.25149536132812,362.9700012207031,280.2099914550781,162.22601318359375,235.7911834716797,143.3031005859375,134.7700958251953,140.5254364013672,367.0672607421875,397.2742004394531,313.2432556152344,50.30075454711914
2021-08-06,144.27853393554688,283.1911926269531,167.2469940185547,135.73849487304688,363.510009765625,285.6300048828125,161.6842803955078,236.95928955078125,147.37342834472656,133.7391815185547,140.27426147460938,369.6233215332031,401.0711975097656,310.16827392578125,50.32875061035156
2021-08-09,144.2291717529297,282.0856628417969,167.093505859375,136.91299438476562,361.6099853515625,287.2300109863281,162.24468994140625,235.58505249023438,147.21435546875,134.46742248535156,140.61236572265625,365.8237609863281,396.965087890625,309.1527099609375,50.450096130371094
2021-08-10,143.74539184570312,280.23663330078125,166.03399658203125,136.8070068359375,361.1300048828125,288.94000244140625,162.3007049560547,233.69053649902344,149.020263671875,134.5525665283203,143.60655212402344,363.02093505859375,397.8442687988281,311.7104797363281,50.34741973876953
2021-08-11,144.00210571289062,280.735595703125,164.60549926757812,136.2790069580078,359.9599914550781,291.2799987792969,162.32875061035156,230.73594665527344,150.79811096191406,134.8835906982422,144.8911895751953,359.4681091308594,393.94097900390625,316.9012145996094,50.53409957885742
2021-08-12,146.9934844970703,283.53363037109375,165.1750030517578,137.19400024414062,362.6499938964844,290.239990234375,163.63632202148438,227.83624267578125,151.38758850097656,135.1956787109375,144.50341796875,357.23773193359375,392.2212219238281,314.0989685058594,49.97406005859375
2021-08-13,147.20083618164062,286.50775146484375,164.69850158691406,137.7274932861328,363.17999267578125,287.8900146484375,164.61705017089844,228.6815643310547,149.6939697265625,135.8482208251953,144.9590301513672,357.99761962890625,395.8056640625,311.55999755859375,49.92739486694336
2021-08-16,149.19509887695312,288.2199401855469,164.94949340820312,138.3094940185547,366.55999755859375,289.45001220703125,166.1020965576172,231.34536743164062,148.71148681640625,136.79400634765625,146.14175415039062,358.7970275878906,403.09051513671875,315.06756591796875,49.908721923828125
2021-08-17,148.27694702148438,286.7327880859375,162.09800720214844,136.6614990234375,358.45001220703125,289.1000061035156,167.62451171875,230.52951049804688,146.91493225097656,137.02099609375,146.09327697753906,358.4713134765625,407.50579833984375,301.620361328125,49.1806755065918
2021-08-18,144.4957275390625,284.9782409667969,160.06100463867188,135.44900512695312,355.45001220703125,286.3599853515625,165.49496459960938,227.6790008544922,145.57687377929688,135.5266876220703,144.54220581054688,356.22125244140625,403.1967468261719,302.3726806640625,48.71397399902344
2021-08-19,144.83139038085938,290.8987121582031,159.3874969482422,135.67999267578125,355.1199951171875,285.1300048828125,166.783935546875,227.62002563476562,144.3604736328125,137.12501525878906,145.5213165283203,352.6288757324219,413.4090881347656,303.64215087890625,48.947322845458984
2021-08-20,146.3024139404297,298.3385314941406,159.99749755859375,137.42950439453125,359.3699951171875,285.2699890136719,167.59649658203125,227.4136199951172,144.7721710205078,137.2195587158203,146.8203582763672,350.3392639160156,415.1674499511719,309.60406494140625,48.54595947265625
2021-08-23,147.80307006835938,298.6228332519531,163.2935028076172,140.04150390625,363.3500061035156,285.6199951171875,166.87303161621094,230.1461639404297,146.62484741210938,136.5197296142578,145.8509063720703,356.2804260253906,410.9646911621094,308.19354248046875,49.68470764160156
2021-08-24,147.71420288085938,296.63299560546875,165.28900146484375,141.26150512695312,365.510009765625,286.0199890136719,164.7872314453125,230.24447631835938,147.53250122070312,135.41317749023438,144.34829711914062,357.0403747558594,409.0806579589844,305.5228576660156,50.22608184814453
2021-08-25,146.47027587890625,296.03509521484375,164.95899963378906,142.07899475097656,368.3900146484375,287.29998779296875,163.69737243652344,228.6226043701172,150.5735321044922,134.9308624267578,144.40647888183594,354.3954772949219,405.5348815917969,304.5636901855469,50.22608184814453
2021-08-26,145.6607208251953,293.1728515625,165.8000030517578,141.4405059814453,364.3800048828125,285.2699890136719,162.82357788085938,226.58790588378906,151.3501739501953,134.6944122314453,142.84571838378906,348.2371826171875,402.74267578125,302.306884765625,49.59136962890625
2021-08-27,146.70721435546875,293.7903747558594,167.48150634765625,144.00399780273438,372.6300048828125,286.6000061035156,162.47593688964844,228.7209014892578,152.5666046142578,134.5903778076172,142.04107666015625,351.0696105957031,404.58807373046875,304.09356689453125,50.30075454711914
2021-08-30,151.1696319580078,297.58380126953125,171.07850646972656,144.5904998779297,380.6600036621094,285.6600036621094,163.1618194580078,227.2858123779297,150.12440490722656,135.17674255371094,143.1850128173828,348.4246826171875,404.1435852050781,307.5917053222656,50.34741973876953
2021-08-31,149.89605712890625,295.90765380859375,173.5395050048828,144.69749450683594,379.3800048828125,285.7699890136719,162.6638641357422,225.19210815429688,149.6658935546875,134.6660614013672,143.57275390625,341.6940612792969,402.1822509765625,306.72650146484375,50.45943832397461
2021-09-01,150.5673828125,295.85858154296875,173.9499969482422,145.2154998779297,382.04998779296875,285.260009765625,163.2369842529297,226.1947479248047,149.45068359375,136.03738403320312,143.26254272460938,344.9903259277344,403.22576904296875,305.88543701171875,50.09540557861328
2021-09-02,151.69287109375,295.1920166015625,173.156005859375,143.28700256347656,375.2799987792969,285.04998779296875,164.35504150390625,220.35604858398438,150.14312744140625,136.14138793945312,144.01870727539062,336.80889892578125,409.3705139160156,309.7604675292969,50.15140914916992
2021-09-03,152.33462524414062,295.1822814941406,173.90249633789062,143.739501953125,376.260009765625,281.8900146484375,164.4583740234375,221.27020263671875,149.23550415039062,136.23599243164062,144.68759155273438,335.772705078125,408.54925537109375,312.2177734375,49.94606399536133
2021-09-07,154.6941375732422,294.2412414550781,175.46449279785156,144.28050231933594,382.17999267578125,278.8999938964844,161.90284729003906,222.410400390625,148.97348022460938,135.72528076171875,142.76815795898438,340.1939392089844,406.9841003417969,310.9040832519531,50.076744079589844
2021-09-08,153.13427734375,294.2706604003906,176.27499389648438,143.6909942626953,377.57000732421875,279.3399963378906,161.50820922851562,225.1823272705078,148.30914306640625,136.7561492919922,142.95233154296875,346.4410095214844,401.3320617675781,313.3897705078125,50.00205993652344
2021-09-09,152.10751342773438,291.3692626953125,174.20799255371094,143.54100036621094,378.0,278.6099853515625,157.90977478027344,223.60960388183594,148.9547576904297,136.17926025390625,141.94410705566406,346.8062438964844,400.5204772949219,313.5693359375,49.843387603759766
2021-09-10,147.07247924804688,289.8597106933594,173.45750427246094,140.87600708007812,378.69000244140625,277.6000061035156,156.87623596191406,221.07363891601562,147.24241638183594,136.31166076660156,141.43032836914062,342.83892822265625,391.61041259765625,313.739501953125,50.25407791137695
2021-09-13,147.6450958251953,291.1144104003906,172.85850524902344,142.33250427246094,376.510009765625,279.9200134277344,155.7769775390625,220.79840087890625,149.58169555664062,137.77757263183594,140.62570190429688,343.26324462890625,401.8972473144531,317.0475158691406,51.327491760253906
2021-09-14,146.2333221435547,293.8589782714844,172.5,142.54449462890625,376.5299987792969,277.20001220703125,154.83743286132812,219.2256622314453,146.97108459472656,137.5411376953125,139.888916015625,341.2696838378906,399.9775695800781,314.8453063964844,50.8887939453125
2021-09-15,147.1317138671875,298.7895202636719,173.7895050048828,144.42950439453125,373.9200134277344,278.17999267578125,155.41993713378906,219.9923858642578,147.99098205566406,137.24794006347656,140.1312713623047,340.23345947265625,404.805908203125,315.0815734863281,51.44883346557617
2021-09-16,146.894775390625,299.1815490722656,174.41200256347656,143.61000061035156,373.05999755859375,277.510009765625,155.23204040527344,220.5034942626953,147.92547607421875,136.29273986816406,140.5966033935547,341.7729797363281,404.1466064453125,317.9359130859375,51.17814254760742
2021-09-17,144.19955444335938,293.9374084472656,173.12600708007812,140.8000030517578,364.7200012207031,276.760009765625,154.79046630859375,217.967529296875,147.54183959960938,136.51026916503906,140.30577087402344,338.54583740234375,407.36553955078125,317.25543212890625,50.6461067199707
2021-09-20,141.11929321289062,288.4775695800781,167.7864990234375,138.71949768066406,355.70001220703125,274.20001220703125,153.9073028564453,216.29652404785156,143.12533569335938,135.13893127441406,138.3766326904297,335.2397155761719,400.13275146484375,313.04010009765625,49.45135498046875
2021-09-21,141.60305786132812,288.96771240234375,167.18150329589844,139.0330047607422,357.4800109863281,273.17999267578125,154.583740234375,216.41445922851562,143.14402770996094,135.3469696044922,138.6480712890625,332.96002197265625,399.78369140625,315.88494873046875,49.34868621826172
2021-09-22,143.9922332763672,292.67291259765625,169.00250244140625,140.2834930419922,343.2099914550781,274.07000732421875,154.02001953125,218.95045471191406,145.8856658935547,135.8104248046875,138.32814025878906,338.9110412597656,396.2545471191406,317.50115966796875,49.93672561645508
2021-09-23,144.95974731445312,293.633544921875,170.8000030517578,141.21600341796875,345.9599914550781,278.1199951171875,154.89378356933594,224.4156036376953,150.81678771972656,136.36839294433594,138.40570068359375,349.4313659667969,395.6049499511719,317.4822692871094,50.43142318725586
2021-09-24,145.04859924316406,293.4277038574219,171.2760009765625,142.21499633789062,352.9599914550781,277.8699951171875,154.42401123046875,227.63967895507812,152.55722045898438,135.7631378173828,138.79347229003906,353.4677734375,394.6838073730469,318.9755554199219,50.60877227783203
2021-09-27,143.518310546875,288.35015869140625,170.2899932861328,141.07200622558594,353.5799865722656,279.7200012207031,153.3059539794922,225.6836395263672,156.24391174316406,133.9756622314453,137.90159606933594,352.095947265625,392.928955078125,322.68048095703125,51.019466400146484
2021-09-28,140.10243225097656,277.910888671875,165.79800415039062,135.8300018310547,340.6499938964844,276.7900085449219,152.96774291992188,221.7125244140625,155.40176391601562,132.9636688232422,136.205078125,346.5792236328125,386.4814758300781,315.48797607421875,50.40343475341797
2021-09-29,141.0106964111328,278.3813781738281,165.05599975585938,134.35350036621094,339.6099853515625,277.2900085449219,154.10455322265625,222.81341552734375,155.2801055908203,134.3161163330078,136.1469268798828,348.5628662109375,388.21697998046875,318.4462890625,49.92739486694336
2021-09-30,139.6976318359375,276.342529296875,164.2519989013672,133.67599487304688,339.3900146484375,272.94000244140625,151.73692321777344,218.95045471191406,153.1654510498047,132.216552734375,135.11932373046875,343.12506103515625,378.8414001464844,310.251953125,49.731380462646484
2021-10-01,140.83297729492188,283.3804626464844,164.16299438476562,136.54299926757812,343.010009765625,275.7099914550781,150.76918029785156,226.52894592285156,156.38427734375,132.0084686279297,132.8605499267578,355.4613037109375,380.4799499511719,311.76409912109375,50.27275085449219
2021-10-04,137.36769104003906,277.50897216796875,159.48899841308594,133.6595001220703,326.2300109863281,273.6400146484375,149.59475708007812,220.89669799804688,156.2158203125,131.2613067626953,131.58090209960938,339.690673828125,375.22503662109375,308.5601501464844,49.908721923828125
2021-10-05,139.3126220703125,283.0472412109375,161.0500030517578,136.0229949951172,332.9599914550781,278.04998779296875,149.9329833984375,220.45436096191406,158.76687622070312,131.7720489501953,132.4436798095703,338.7135925292969,381.449462890625,311.40496826171875,50.35675811767578
2021-10-06,140.19126892089844,287.3111572265625,163.10049438476562,137.56500244140625,333.6400146484375,280.2200012207031,150.24305725097656,222.64633178710938,159.1057586669922,133.5311279296875,133.4131317138672,344.1217956542969,382.2445373535156,312.2367248535156,50.38475799560547
2021-10-07,141.46482849121094,289.0167236328125,165.1215057373047,139.22500610351562,329.2200012207031,282.95001220703125,151.58657836914062,226.61740112304688,160.1129913330078,134.59983825683594,134.98361206054688,349.7147521972656,392.3763122558594,318.9661865234375,50.571434020996094
2021-10-08,141.07980346679688,289.0167236328125,164.43099975585938,139.78550720214844,330.04998779296875,284.1400146484375,151.2013702392578,226.34217834472656,160.2353515625,134.0418243408203,135.39076232910156,350.7522888183594,396.0218200683594,315.9983215332031,50.22608184814453
2021-10-11,140.99095153808594,288.4090270996094,162.31500244140625,138.91400146484375,325.45001220703125,280.92999267578125,150.56248474121094,221.27020263671875,156.86534118652344,134.59983825683594,135.2647247314453,343.03485107421875,392.6574401855469,318.4841003417969,49.880733489990234
2021-10-12,139.70751953125,287.0857238769531,162.3665008544922,136.44900512695312,323.7699890136719,278.6199951171875,148.15724182128906,220.228271484375,155.66043090820312,134.40122985839844,135.11932373046875,341.246337890625,390.96075439453125,319.2685546875,48.69530487060547
2021-10-13,139.11512756347656,290.4478454589844,164.21400451660156,137.58200073242188,324.5400085449219,277.8999938964844,149.57595825195312,218.6654052734375,151.55616760253906,134.7133331298828,134.1401824951172,338.291748046875,391.2613830566406,319.7221984863281,48.77931594848633
2021-10-14,141.92884826660156,296.7604064941406,164.9929962158203,141.1510009765625,328.5299987792969,281.6400146484375,150.43092346191406,221.33901977539062,153.8813018798828,136.23599243164062,135.5943603515625,340.495361328125,407.5594177246094,325.1756591796875,50.310089111328125
2021-10-15,142.99510192871094,298.1915283203125,170.4510040283203,141.3679962158203,324.760009765625,284.2099914550781,151.5489959716797,227.0499267578125,156.8371124267578,136.58595275878906,136.25355529785156,351.77996826171875,415.0346984863281,331.1867980957031,50.832794189453125
2021-10-18,144.6833038330078,301.21063232421875,172.33700561523438,142.7779998779297,335.3399963378906,282.5899963378906,150.44032287597656,226.71568298339844,156.78065490722656,134.61875915527344,137.3489990234375,354.1910705566406,411.68975830078125,335.5344543457031,50.84211730957031
2021-10-19,146.86517333984375,302.13201904296875,172.20750427246094,143.23699951171875,339.989990234375,284.8299865722656,153.96363830566406,229.53675842285156,158.68215942382812,133.0299072265625,140.2670135498047,357.80767822265625,411.45703125,338.3509826660156,51.5328369140625
2021-10-20,147.35879516601562,301.3282775878906,170.7530059814453,141.7689971923828,340.7799987792969,287.489990234375,153.87908935546875,227.47254943847656,160.81900024414062,133.550048828125,141.53695678710938,352.54083251953125,421.8409118652344,338.5777893066406,51.68218231201172
2021-10-21,147.57598876953125,304.6119689941406,171.75050354003906,141.88600158691406,341.8800048828125,286.82000732421875,153.5220489501953,226.3126983642578,159.55760192871094,132.5889129638672,142.3221893310547,351.9874267578125,428.8119812011719,344.6172180175781,52.27022171020508
2021-10-22,146.79603576660156,303.0436096191406,166.77749633789062,137.56649780273438,324.6099853515625,289.239990234375,153.8227081298828,227.2858123779297,161.703857421875,134.01634216308594,143.80540466308594,354.4183044433594,435.4824523925781,345.9120788574219,46.165802001953125
2021-10-25,146.74668884277344,302.0339660644531,166.01849365234375,137.44700622558594,328.69000244140625,290.260009765625,154.1609344482422,229.89060974121094,160.9131317138672,134.03538513183594,145.4728546142578,356.5823669433594,435.80242919921875,350.8929748535156,46.11913299560547
2021-10-26,147.41802978515625,303.9748229980469,168.80349731445312,139.30850219726562,315.80999755859375,290.8500061035156,155.72999572753906,227.86573791503906,161.3461456298828,135.93861389160156,144.20289611816406,353.0843505859375,440.7956237792969,348.9460144042969,45.064395904541016
2021-10-27,146.9540252685547,316.7764587402344,169.62449645996094,146.21749877929688,312.2200012207031,287.7799987792969,153.8415069580078,212.09934997558594,157.9855499267578,134.9679718017578,143.0201873779297,331.7403564453125,439.6708984375,351.8948669433594,44.700374603271484
2021-10-28,150.62664794921875,317.93310546875,172.32850646972656,145.8489990234375,316.9200134277344,289.7200012207031,153.0053253173828,206.2606658935547,160.36717224121094,135.77682495117188,143.91204833984375,329.082275390625,441.5711975097656,351.1859130859375,44.877723693847656
2021-10-29,147.8919219970703,325.0592956542969,168.6215057373047,148.04600524902344,323.57000732421875,287.010009765625,153.0334930419922,208.1577606201172,159.92471313476562,136.0718231201172,144.85243225097656,331.542724609375,446.447998046875,351.34661865234375,45.73643493652344
2021-11-01,147.0626220703125,322.85382080078125,165.90550231933594,143.4969940185547,329.9800109863281,286.239990234375,153.1650390625,208.83596801757812,159.83999633789062,135.73875427246094,145.21109008789062,330.09014892578125,440.28167724609375,346.3752746582031,46.24980926513672
2021-11-02,148.109130859375,326.5394287109375,165.6374969482422,145.4324951171875,328.0799865722656,287.92999267578125,155.5796661376953,205.57260131835938,160.47067260742188,137.090087890625,145.14321899414062,324.5861511230469,438.27471923828125,347.1407470703125,46.53915786743164
2021-11-03,149.56040954589844,327.3921813964844,169.1999969482422,146.59800720214844,331.6199951171875,288.7200012207031,155.08169555664062,204.5503692626953,160.52719116210938,138.03219604492188,145.5891876220703,325.52490234375,443.4036865234375,348.7285461425781,47.03386306762695
2021-11-04,149.03713989257812,329.78387451171875,173.85000610351562,148.2675018310547,335.8500061035156,287.69000244140625,154.6495361328125,205.21876525878906,158.4185791015625,138.28912353515625,146.6555633544922,331.4538269042969,442.8511047363281,351.76251220703125,47.2857551574707
2021-11-05,149.57106018066406,329.4114074707031,175.94949340820312,148.8520050048828,341.1300048828125,287.8800048828125,153.5502166748047,212.97418212890625,158.19265747070312,138.9742889404297,145.6376495361328,344.6554870605469,441.929931640625,348.1898498535156,47.85908126831055
2021-11-08,148.7405242919922,330.322998046875,174.44900512695312,149.031005859375,338.6199951171875,288.79998779296875,153.0240936279297,216.72900390625,159.1433868408203,137.93699645996094,144.7069854736328,345.5249938964844,448.53253173828125,348.3694152832031,48.45121765136719
2021-11-09,149.10635375976562,329.30364990234375,178.81149291992188,148.9185028076172,335.3699951171875,286.3500061035156,152.6858673095703,209.7501220703125,157.9384765625,138.355712890625,145.21109008789062,340.5644836425781,450.20989990234375,350.3164367675781,48.122257232666016
2021-11-10,146.2489776611328,324.2554626464844,174.1024932861328,145.89349365234375,327.6400146484375,285.32000732421875,154.33946228027344,212.256103515625,157.78787231445312,139.716552734375,143.90237426757812,353.6969299316406,445.8953857421875,348.3599548339844,47.70870590209961
2021-11-11,146.19955444335938,325.8533020019531,173.625,145.76649475097656,327.739990234375,284.6499938964844,153.20260620117188,207.1948699951172,157.77847290039062,139.31683349609375,143.9605255126953,350.1396179199219,443.4618835449219,347.46209716796875,47.49252700805664
2021-11-12,148.29563903808594,330.0583801269531,176.25750732421875,148.67799377441406,340.8900146484375,285.989990234375,155.03472900390625,208.8392791748047,157.0724639892578,139.46908569335938,143.2431640625,359.19110107421875,445.0130920410156,352.18780517578125,47.2857551574707
2021-11-15,148.30552673339844,329.4212646484375,177.28399658203125,148.45199584960938,347.55999755859375,284.6700134277344,153.6348114013672,209.0460662841797,156.79005432128906,140.26846313476562,142.4191436767578,357.0764465332031,437.072509765625,350.7228088378906,47.2951545715332
2021-11-16,149.294189453125,332.7932434082031,177.03500366210938,147.87600708007812,342.9599914550781,283.3599853515625,152.83619689941406,211.88192749023438,155.66043090820312,140.06863403320312,138.79347229003906,365.1792297363281,435.9284362792969,370.80706787109375,47.56772232055664
2021-11-17,151.75608825683594,333.0190734863281,177.4499969482422,148.0469970703125,340.7699890136719,281.5899963378906,153.40931701660156,201.91702270507812,154.82266235351562,139.98300170898438,137.60105895996094,354.912353515625,435.2789001464844,373.1888427734375,47.210567474365234
2021-11-18,156.0865936279297,335.13037109375,184.80299377441406,149.8385009765625,338.69000244140625,280.6300048828125,152.58248901367188,200.2135467529297,153.48593139648438,140.00201416015625,138.78378295898438,344.0921936035156,435.78302001953125,383.58538818359375,46.69362258911133
2021-11-19,158.73631286621094,336.9372253417969,183.82850646972656,148.92649841308594,345.29998779296875,279.989990234375,153.04287719726562,197.7814178466797,151.48086547851562,139.716552734375,138.0373077392578,335.69293212890625,426.6013488769531,386.26959228515625,46.543243408203125
2021-11-22,159.2010498046875,333.71624755859375,178.6284942626953,146.302001953125,341.010009765625,284.9700012207031,151.02854919433594,192.5823516845703,154.70968627929688,140.6491241455078,140.354248046875,317.4913024902344,424.2163391113281,386.3641357421875,46.83460998535156
2021-11-23,159.5865936279297,331.6049499511719,179.0019989013672,145.78199768066406,337.25,288.55999755859375,151.96475219726562,195.44773864746094,158.40916442871094,142.2097625732422,141.35275268554688,325.1000671386719,433.5142517089844,385.9671325683594,46.14848709106445
2021-11-24,160.1106414794922,331.8307800292969,179.02049255371094,146.1199951171875,341.05999755859375,287.2799987792969,151.5392303466797,200.13478088378906,157.1665802001953,141.46751403808594,142.06045532226562,335.9696044921875,436.4519958496094,389.501953125,46.76881408691406
2021-11-26,155.03857421875,323.74884033203125,175.22799682617188,142.18299865722656,333.1199951171875,283.0899963378906,150.55569458007812,194.62060546875,152.43162536621094,140.33509826660156,140.47056579589844,320.3273010253906,426.51416015625,380.6081848144531,45.84772872924805
2021-11-29,158.42982482910156,330.57379150390625,178.07850646972656,145.53050231933594,338.0299987792969,282.1199951171875,151.07582092285156,193.28143310546875,151.77268981933594,141.8101043701172,138.2699737548828,319.1810607910156,438.2359619140625,384.5022277832031,46.994388580322266
2021-11-30,163.43264770507812,324.6424560546875,175.35350036621094,141.8975067138672,324.4599914550781,276.69000244140625,147.46322631835938,190.8000946044922,149.51348876953125,137.5849151611328,136.33111572265625,311.18695068359375,430.69287109375,378.6328430175781,46.24248123168945
2021-12-01,162.90866088867188,324.1416320800781,172.18600463867188,141.05149841308594,310.6000061035156,275.0,149.4965057373047,187.24539184570312,148.62860107421875,139.31683349609375,132.9477996826172,302.6493225097656,430.8092346191406,380.01849365234375,45.678550720214844
2021-12-02,161.91006469726562,323.56231689453125,171.8679962158203,142.96600341796875,310.3900146484375,279.0899963378906,148.5602264404297,195.2508087158203,151.75387573242188,140.13523864746094,131.328857421875,316.4043273925781,432.4380798339844,386.9939880371094,46.52444839477539
2021-12-03,160.01174926757812,317.1988525390625,169.489501953125,142.00149536132812,306.8399963378906,277.42999267578125,150.72593688964844,193.31101989746094,149.00514221191406,142.62850952148438,133.30648803710938,318.2916564941406,437.0584411621094,387.03192138671875,46.28947067260742
2021-12-06,163.45245361328125,320.3216552734375,171.36849975585938,143.15499877929688,317.8699951171875,281.3800048828125,154.09263610839844,199.57350158691406,150.76547241210938,144.7886505126953,134.7509307861328,329.3786926269531,447.553955078125,394.5199890136719,47.92487716674805
2021-12-07,169.2462615966797,328.8946228027344,176.1645050048828,147.26950073242188,322.80999755859375,284.9700012207031,154.4897918701172,204.191650390625,153.03408813476562,144.4080047607422,134.314697265625,335.48541259765625,452.0478820800781,394.9754638671875,49.4099006652832
2021-12-08,173.10218811035156,328.9436950683594,176.1580047607422,148.18649291992188,330.55999755859375,283.7200012207031,155.41661071777344,205.7868194580078,151.28321838378906,145.05511474609375,132.95748901367188,338.2818908691406,456.065185546875,390.2966613769531,48.63919448852539
2021-12-09,172.58802795410156,327.1073303222656,174.17100524902344,147.6385040283203,329.82000732421875,284.5199890136719,156.89186096191406,208.1500244140625,151.0478515625,145.90208435058594,134.8068389892578,340.4360046386719,460.4035339355469,390.3820495605469,47.44553756713867
2021-12-10,177.42282104492188,336.3775329589844,172.21200561523438,148.00149536132812,329.75,288.2300109863281,156.50416564941406,210.12921142578125,150.4453887939453,147.93850708007812,137.26934814453125,345.7720031738281,465.1795349121094,394.2351989746094,47.548927307128906
2021-12-13,173.75473022460938,333.2939758300781,169.5675048828125,145.82650756835938,334.489990234375,290.010009765625,159.30340576171875,207.78567504882812,148.65684509277344,150.0415802001953,139.7416534423828,341.2167053222656,465.09197998046875,384.5929260253906,46.994388580322266
2021-12-14,172.36065673828125,322.4329833984375,169.0915069580078,143.90699768066406,333.739990234375,295.0299987792969,161.0435333251953,206.76162719726562,149.7958984375,150.59353637695312,141.07508850097656,336.5130920410156,466.3759765625,381.7077941894531,46.71242141723633
2021-12-15,177.27452087402344,328.6294860839844,173.31500244140625,146.4409942626953,341.6600036621094,294.5799865722656,161.8473663330078,209.05592346191406,148.67568969726562,151.1740264892578,141.88296508789062,342.244384765625,480.88873291015625,387.03192138671875,47.624114990234375
2021-12-16,170.3140411376953,319.05487060546875,168.87100219726562,144.44500732421875,334.8999938964844,300.1700134277344,163.6158447265625,211.08433532714844,151.0008087158203,153.31515502929688,139.5177764892578,348.73651123046875,479.4102478027344,379.173828125,47.77450180053711
2021-12-17,169.20668029785156,317.9746398925781,170.0175018310547,141.72500610351562,333.7900085449219,293.6600036621094,159.0953826904297,208.6325225830078,147.56488037109375,149.84176635742188,135.0501708984375,345.16925048828125,473.826904296875,368.2122497558594,47.57711410522461
2021-12-20,167.83238220214844,314.15460205078125,167.07899475097656,141.60699462890625,325.45001220703125,289.6099853515625,158.64144897460938,205.54063415527344,144.91030883789062,150.22239685058594,135.4881591796875,333.02496337890625,470.5294189453125,369.5599060058594,46.61843490600586
2021-12-21,171.03579711914062,321.40191650390625,170.41700744628906,143.47250366210938,334.20001220703125,293.239990234375,158.1307830810547,212.07887268066406,146.93418884277344,150.12721252441406,135.89695739746094,346.58233642578125,473.9144592285156,370.5754089355469,47.71810531616211
2021-12-22,173.65585327148438,327.20556640625,171.03700256347656,146.4149932861328,330.45001220703125,294.4100036621094,158.81166076660156,214.61932373046875,147.50840759277344,151.61175537109375,136.07215881347656,353.242431640625,480.6455993652344,375.4820251464844,47.90607833862305
2021-12-23,174.2886199951172,328.66876220703125,171.06849670410156,146.91650390625,335.239990234375,294.489990234375,159.1143035888672,213.2998504638672,148.03555297851562,152.35401916503906,135.7704315185547,356.3056640625,481.8614807128906,376.8391418457031,48.22563934326172
2021-12-27,178.29287719726562,336.28912353515625,169.66949462890625,147.906494140625,346.17999267578125,296.6700134277344,160.4571990966797,214.2943572998047,148.8827667236328,154.133544921875,137.00656127929688,356.0389099121094,485.86907958984375,383.5014953613281,48.817771911621094
2021-12-28,177.26461791992188,335.1106872558594,170.66099548339844,146.68699645996094,346.2200012207031,298.2900085449219,161.1002655029297,214.7079315185547,149.33460998535156,154.96144104003906,138.97268676757812,356.5032958984375,489.2151794433594,385.5229187011719,48.648590087890625
2021-12-29,177.35360717773438,335.79815673828125,169.2010040283203,146.65499877929688,342.94000244140625,299.4599914550781,162.235107421875,214.82608032226562,149.2593231201172,156.2461395263672,138.90457153320312,357.0072326660156,491.7830810546875,389.9075927734375,48.71438217163086
2021-12-30,176.1869354248047,333.2154235839844,168.64450073242188,146.20050048828125,344.3599853515625,299.9800109863281,162.953857421875,214.5306854248047,149.18399047851562,154.89486694335938,139.35231018066406,356.7108154296875,490.66448974609375,389.0534362792969,48.62978744506836
