Date,AMD,CMG,CHD,CLX,DXCM,DG,LLY,ENPH,ETSY,GNRC,MKTX,MTCH,TGT,TSLA,WST
2021-01-04,92.30000305175781,1319.1199951171875,83.56503295898438,183.54055786132812,89.43499755859375,203.75137329101562,159.26014709472656,172.24000549316406,172.0800018310547,224.55999755859375,548.2720947265625,149.9199981689453,166.2156219482422,243.2566680908203,283.6487121582031
2021-01-05,92.7699966430664,1355.1099853515625,82.8123779296875,183.14678955078125,92.1875,200.85604858398438,160.04925537109375,181.47999572753906,174.97999572753906,227.97999572753906,539.9619750976562,150.2899932861328,168.779541015625,245.0366668701172,289.06201171875
2021-01-06,90.33000183105469,1343.4100341796875,82.93781280517578,180.76600646972656,93.9800033569336,209.1922607421875,158.12466430664062,203.3800048828125,167.57000732421875,246.2899932861328,531.0283203125,148.80999755859375,176.7801055908203,251.9933319091797,292.1610107421875
2021-01-07,95.16000366210938,1368.1400146484375,81.92460632324219,179.86865234375,96.79000091552734,211.53379821777344,159.57769775390625,213.75999450683594,170.7899932861328,254.5,535.0519409179688,152.86000061035156,178.82005310058594,272.0133361816406,302.01422119140625
2021-01-08,94.58000183105469,1402.43994140625,82.40708923339844,181.15975952148438,97.02249908447266,209.67808532714844,160.13583374023438,207.41000366210938,175.64999389648438,252.5,537.8575439453125,151.7899932861328,181.15940856933594,293.3399963378906,305.4609069824219
2021-01-11,97.25,1402.6199951171875,81.94391632080078,177.3962860107422,92.66000366210938,209.14369201660156,178.9295196533203,201.67999267578125,183.0399932861328,260.79998779296875,529.7034301757812,151.89999389648438,182.7314453125,270.39666748046875,300.3753967285156
2021-01-12,95.36000061035156,1401.6400146484375,80.93070983886719,177.86328125,90.0425033569336,212.17503356933594,172.05868530273438,206.49000549316406,205.14999389648438,259.04998779296875,515.0510864257812,153.57000732421875,186.3059844970703,283.14666748046875,296.4817199707031
2021-01-13,91.77999877929688,1395.0,81.51934814453125,177.40541076660156,90.63749694824219,212.0196075439453,178.506103515625,203.69000244140625,207.02999877929688,252.6300048828125,522.494140625,155.02000427246094,184.1724853515625,284.8033447265625,295.99505615234375
2021-01-14,90.79000091552734,1411.800048828125,81.54827880859375,179.06285095214844,88.0199966430664,207.1810760498047,179.65121459960938,208.8300018310547,211.52000427246094,253.05999755859375,498.87908935546875,149.0500030517578,185.2860107421875,281.6666564941406,296.7102355957031
2021-01-15,88.20999908447266,1405.739990234375,82.252685546875,180.86676025390625,88.55000305175781,205.43226623535156,183.57737731933594,190.58999633789062,204.4199981689453,252.80999755859375,509.51751708984375,150.85000610351562,182.2823028564453,275.38665771484375,297.3955993652344
2021-01-19,89.44999694824219,1429.47998046875,82.17549896240234,179.94190979003906,89.41000366210938,200.205078125,190.99673461914062,201.27999877929688,221.30999755859375,267.4599914550781,502.5908508300781,146.13999938964844,176.06898498535156,281.51666259765625,298.27008056640625
2021-01-20,88.75,1480.6199951171875,81.77021789550781,180.32647705078125,91.02999877929688,199.2917938232422,193.67190551757812,199.39999389648438,215.69000244140625,268.7900085449219,504.03271484375,147.6300048828125,176.19998168945312,283.48333740234375,303.16973876953125
2021-01-21,91.52999877929688,1503.6800537109375,82.0790023803711,180.5828857421875,91.875,201.8179473876953,194.72079467773438,212.08999633789062,212.5399932861328,272.3299865722656,500.8762512207031,144.49000549316406,178.9791259765625,281.663330078125,297.8328552246094
2021-01-22,92.79000091552734,1494.1800537109375,81.94391632080078,185.2895050048828,92.52999877929688,200.35084533691406,198.367919921875,212.07000732421875,213.58999633789062,277.6099853515625,496.56036376953125,141.0,179.57798767089844,282.21331787109375,298.2403259277344
2021-01-25,94.12999725341797,1486.3199462890625,84.06681823730469,194.0893096923828,94.09750366210938,200.7006072998047,204.34376525878906,202.72999572753906,208.80999755859375,269.0199890136719,496.219482421875,139.4199981689453,177.9310760498047,293.6000061035156,298.4093017578125
2021-01-26,94.70999908447266,1489.25,84.91596221923828,196.05917358398438,90.3550033569336,200.2633819580078,204.69979858398438,187.33999633789062,204.41000366210938,264.80999755859375,496.6675720214844,138.4199981689453,175.63851928710938,294.36334228515625,297.8328552246094
2021-01-27,88.83999633789062,1466.3599853515625,84.70367431640625,204.51864624023438,87.41000366210938,193.9578094482422,199.7439727783203,179.02000427246094,193.3699951171875,248.80999755859375,520.65283203125,131.5500030517578,166.82383728027344,288.0533447265625,291.4226379394531
2021-01-28,87.5199966430664,1480.5400390625,83.86416625976562,192.91102600097656,91.72250366210938,193.394287109375,202.19784545898438,193.74000549316406,202.41000366210938,252.92999267578125,522.7182006835938,141.52000427246094,171.7832794189453,278.4766540527344,297.0775146484375
2021-01-29,85.63999938964844,1480.0,81.47107696533203,192.80979919433594,93.7125015258789,189.08042907714844,200.12893676757812,182.35000610351562,199.08999633789062,246.4199981689453,526.8197021484375,139.86000061035156,169.52813720703125,264.510009765625,297.64404296875
2021-02-01,87.66000366210938,1509.02001953125,81.04650115966797,193.32525634765625,95.65499877929688,187.27328491210938,195.48098754882812,186.33999633789062,203.77000427246094,258.7300109863281,554.0686645507812,145.9499969482422,171.77389526367188,279.9366760253906,295.189208984375
2021-02-02,88.86000061035156,1523.050048828125,79.79206085205078,187.99551391601562,98.65750122070312,189.79940795898438,190.1114044189453,192.6300048828125,210.2899932861328,266.989990234375,565.1552124023438,150.08999633789062,173.66409301757812,290.92999267578125,292.7841491699219
2021-02-03,87.88999938964844,1499.989990234375,80.10084533691406,188.32687377929688,97.92250061035156,190.21719360351562,189.5340118408203,196.33999633789062,210.07000732421875,264.29998779296875,549.2755126953125,138.1199951171875,173.21493530273438,284.89666748046875,290.2796936035156
2021-02-04,87.83999633789062,1479.550048828125,79.2806396484375,176.41551208496094,100.8125,190.15890502929688,194.018310546875,195.6300048828125,220.83999633789062,262.239990234375,551.6038818359375,150.6300048828125,176.47129821777344,283.3299865722656,288.4609680175781
2021-02-05,87.9000015258789,1506.8800048828125,79.96575164794922,176.04730224609375,102.75749969482422,188.3129119873047,194.16265869140625,193.1999969482422,231.1199951171875,270.5799865722656,556.923095703125,159.82000732421875,176.72396850585938,284.07666015625,289.5542297363281
2021-02-08,91.47000122070312,1504.0,79.44467163085938,174.8966827392578,100.82499694824219,192.74334716796875,198.0118408203125,197.8699951171875,231.69000244140625,279.0,555.0330810546875,159.0,181.4868927001953,287.8066711425781,292.6450500488281
2021-02-09,90.91000366210938,1550.489990234375,80.04295349121094,172.45733642578125,100.25749969482422,197.70814514160156,194.1049346923828,200.10000610351562,229.8699951171875,275.55999755859375,544.0117797851562,158.8699951171875,181.8050537109375,283.1533203125,288.103271484375
2021-02-10,92.3499984741211,1544.6600341796875,80.32279205322266,171.79458618164062,99.86000061035156,195.5997772216797,196.68386840820312,202.07000732421875,225.64999389648438,277.5400085449219,540.3346557617188,171.07000732421875,180.0739288330078,268.2733459472656,290.4884033203125
2021-02-11,92.66000366210938,1543.1099853515625,79.82099914550781,169.5024871826172,102.55000305175781,194.3561248779297,195.75624084472656,199.0800018310547,226.0500030517578,316.1099853515625,532.2684326171875,172.1300048828125,178.1743927001953,270.5533447265625,289.2958068847656
2021-02-12,93.7699966430664,1527.699951171875,80.2788314819336,171.18702697753906,103.13999938964844,192.95706176757812,200.3075408935547,206.50999450683594,233.86000061035156,326.8399963378906,538.9301147460938,169.52999877929688,179.1288299560547,272.0400085449219,292.1978454589844
2021-02-16,91.45999908447266,1484.0,79.0495834350586,168.77528381347656,101.09500122070312,194.540771484375,198.82913208007812,193.5,228.32000732421875,350.5299987792969,524.2706909179688,164.86000061035156,178.97857666015625,265.40667724609375,293.78790283203125
2021-02-17,89.94000244140625,1459.5,80.10460662841797,172.83473205566406,103.52999877929688,195.774658203125,199.5055389404297,189.33999633789062,222.41000366210938,355.32000732421875,522.5053100585938,160.8000030517578,181.8052215576172,266.04998779296875,292.1778869628906
2021-02-18,88.63999938964844,1456.31005859375,80.8692626953125,174.57447814941406,102.70999908447266,197.06687927246094,194.34539794921875,180.83999633789062,220.82000732421875,351.4599914550781,530.28857421875,162.24000549316406,179.74864196777344,262.4599914550781,294.9109191894531
2021-02-19,89.58000183105469,1473.0899658203125,78.83663177490234,172.18116760253906,104.73500061035156,195.44432067871094,194.1521453857422,189.74000549316406,227.27000427246094,363.4700012207031,536.6478271484375,160.9499969482422,177.31643676757812,260.4333190917969,279.8145751953125
2021-02-22,85.37000274658203,1430.5400390625,77.93648529052734,172.84393310546875,103.01499938964844,193.1222381591797,193.9202117919922,167.86000061035156,213.1199951171875,336.70001220703125,527.7330932617188,156.7100067138672,177.47605895996094,238.1666717529297,270.969482421875
2021-02-23,84.73999786376953,1416.239990234375,78.43011474609375,172.46652221679688,101.69499969482422,189.63424682617188,195.6595916748047,170.88999938964844,210.75,333.0400085449219,535.6041870117188,161.3300018310547,175.00628662109375,232.94667053222656,272.599365234375
2021-02-24,86.94000244140625,1449.06005859375,76.99760437011719,168.72006225585938,101.41000366210938,187.1372833251953,197.63088989257812,180.8699951171875,209.10000610351562,322.67999267578125,532.0148315429688,160.7899932861328,175.68243408203125,247.33999633789062,277.2008361816406
2021-02-25,82.41999816894531,1410.739990234375,76.84273529052734,166.8330078125,98.86750030517578,183.31890869140625,196.9544677734375,167.3699951171875,197.5800018310547,315.6600036621094,538.1693725585938,151.72000122070312,173.80426025390625,227.4066619873047,275.968505859375
2021-02-26,84.51000213623047,1442.0,76.2232666015625,166.65814208984375,99.44499969482422,183.62013244628906,197.98841857910156,176.05999755859375,220.27000427246094,329.55999755859375,542.236572265625,152.85000610351562,172.26417541503906,225.1666717529297,278.9200744628906
2021-03-01,86.38999938964844,1484.949951171875,76.16519927978516,165.47987365722656,99.1675033569336,187.4190216064453,199.51515197753906,186.4499969482422,244.5800018310547,346.25,564.79638671875,156.52000427246094,174.7527313232422,239.47666931152344,281.2456970214844
2021-03-02,84.12999725341797,1475.5699462890625,76.6781997680664,164.78948974609375,97.97750091552734,181.2008514404297,197.26368713378906,171.69000244140625,238.42999267578125,338.70001220703125,564.611083984375,152.50999450683594,162.92039489746094,228.81333923339844,276.3858337402344
2021-03-03,80.86000061035156,1408.219970703125,75.9135513305664,165.6915740966797,92.17500305175781,177.69345092773438,195.1957550048828,161.1199951171875,208.61000061035156,318.260009765625,496.7950134277344,147.33999633789062,163.03306579589844,217.73333740234375,265.97052001953125
2021-03-04,77.75,1351.1199951171875,75.41989135742188,164.00704956054688,89.06749725341797,173.07839965820312,193.7849578857422,149.8800048828125,198.10000610351562,305.7200012207031,472.9768981933594,143.66000366210938,159.4739532470703,207.14666748046875,255.70416259765625
2021-03-05,78.5199966430664,1332.280029296875,77.39445495605469,169.6865997314453,91.02249908447266,173.63223266601562,199.95001220703125,143.5500030517578,200.3000030517578,307.0299987792969,491.937744140625,146.2899932861328,162.09400939941406,199.31666564941406,260.7826232910156
2021-03-08,73.95999908447266,1335.0,78.23652648925781,172.83473205566406,88.01499938964844,176.80931091308594,200.05630493164062,132.05999755859375,190.25999450683594,294.80999755859375,500.32568359375,145.55999755859375,166.0944061279297,187.6666717529297,259.7391052246094
2021-03-09,78.52999877929688,1427.6099853515625,77.83001708984375,170.8832550048828,90.73500061035156,181.3951873779297,199.16734313964844,148.6999969482422,206.7899932861328,309.1400146484375,511.1716003417969,152.11000061035156,168.26370239257812,224.52667236328125,265.7716979980469
2021-03-10,77.5199966430664,1416.6700439453125,78.54627227783203,174.23391723632812,89.09750366210938,182.2210693359375,198.529541015625,152.42999267578125,205.92999267578125,314.5,504.05157470703125,146.85000610351562,167.7002716064453,222.68666076660156,266.0798034667969
2021-03-11,81.2300033569336,1462.06005859375,78.88504791259766,171.95103454589844,91.69499969482422,184.28079223632812,198.29762268066406,165.33999633789062,220.83999633789062,331.760009765625,510.9083557128906,155.35000610351562,168.3951873779297,233.1999969482422,271.2079772949219
2021-03-12,81.05000305175781,1453.239990234375,80.24011993408203,173.9669647216797,89.43250274658203,186.5057373046875,201.07098388671875,164.7100067138672,221.13999938964844,329.29998779296875,506.1778564453125,153.3800048828125,169.0431365966797,231.2433319091797,272.4303894042969
2021-03-15,82.5,1485.6099853515625,80.24011993408203,173.47911071777344,90.48249816894531,188.58493041992188,182.7882537841797,174.16000366210938,223.22999572753906,338.1099853515625,512.4590454101562,153.92999267578125,170.06674194335938,235.97999572753906,274.3186340332031
2021-03-16,82.75,1482.68994140625,80.72409057617188,174.00379943847656,88.6624984741211,188.05056762695312,184.46963500976562,166.30999755859375,215.97999572753906,325.8900146484375,504.1685791015625,154.19000244140625,169.23095703125,225.6266632080078,272.4800720214844
2021-03-17,82.62999725341797,1478.5999755859375,79.52388000488281,174.51927185058594,87.92500305175781,182.1821746826172,180.44012451171875,163.82000732421875,218.44000244140625,316.5199890136719,500.35504150390625,154.41000366210938,167.53123474121094,233.93666076660156,272.89752197265625
2021-03-18,78.12000274658203,1429.3599853515625,79.62065124511719,169.80624389648438,84.7874984741211,173.7196502685547,177.7344207763672,148.47999572753906,209.50999450683594,306.9599914550781,489.0604553222656,147.13999938964844,168.6675262451172,217.72000122070312,267.2922668457031
2021-03-19,79.05999755859375,1421.199951171875,80.42400360107422,171.3343048095703,86.15750122070312,182.4445037841797,178.0823211669922,154.9499969482422,215.41000366210938,305.6300048828125,497.54595947265625,152.6999969482422,176.12379455566406,218.2899932861328,275.4416809082031
2021-03-22,80.30000305175781,1444.3299560546875,81.79844665527344,174.38121032714844,89.95500183105469,188.44888305664062,179.58009338378906,161.11000061035156,219.77000427246094,313.7300109863281,508.43084716796875,154.88999938964844,176.58395385742188,223.3333282470703,280.7488098144531
2021-03-23,78.37999725341797,1451.2900390625,82.9599609375,177.43728637695312,91.0425033569336,191.48997497558594,177.4928436279297,155.97000122070312,219.6699981689453,303.57000732421875,513.151611328125,145.88999938964844,177.41030883789062,220.72000122070312,281.5041198730469
2021-03-24,76.4800033569336,1422.9599609375,81.85653686523438,174.17869567871094,88.93250274658203,191.48025512695312,174.10108947753906,147.97999572753906,199.17999267578125,296.8800048828125,488.5824279785156,139.8000030517578,176.809326171875,210.08999633789062,276.36602783203125
2021-03-25,76.22000122070312,1431.8299560546875,83.24066162109375,175.60546875,87.04750061035156,192.16036987304688,176.9227294921875,148.47999572753906,196.1999969482422,301.0299987792969,485.4418640136719,134.60000610351562,180.96002197265625,213.4633331298828,273.752197265625
2021-03-26,77.41000366210938,1445.47998046875,84.54732513427734,175.1268310546875,88.18250274658203,197.30975341796875,179.0679168701172,152.07000732421875,202.32000732421875,316.0400085449219,505.0367431640625,138.27000427246094,188.70741271972656,206.23666381835938,278.58221435546875
2021-03-29,77.13999938964844,1424.6099853515625,85.73786163330078,179.6833038330078,87.34249877929688,197.61094665527344,180.06326293945312,142.13999938964844,196.30999755859375,303.1400146484375,503.94439697265625,133.14999389648438,186.1343536376953,203.76333618164062,278.7809753417969
2021-03-30,76.0,1406.3299560546875,85.09906005859375,178.43142700195312,86.80000305175781,196.01756286621094,179.2515411376953,150.60000610351562,198.8699951171875,317.75,483.5301513671875,131.47999572753906,187.48660278320312,211.8733367919922,276.6243896484375
2021-03-31,78.5,1420.8199462890625,84.54732513427734,177.54776000976562,89.84750366210938,196.86282348632812,180.52711486816406,162.16000366210938,201.6699981689453,327.45001220703125,485.646728515625,137.3800048828125,186.00289916992188,222.64332580566406,280.04315185546875
2021-04-01,81.08999633789062,1438.4599609375,83.75364685058594,177.50172424316406,91.375,196.64910888671875,179.00033569335938,162.69000244140625,208.1999969482422,323.79998779296875,507.4555969238281,142.66000366210938,188.49142456054688,220.5833282470703,283.01470947265625
2021-04-05,81.43000030517578,1452.0899658203125,84.66348266601562,178.94691467285156,92.04000091552734,202.29600524902344,178.66207885742188,149.4199981689453,197.1999969482422,325.0400085449219,507.18243408203125,144.14999389648438,192.83935546875,230.35000610351562,287.77520751953125
2021-04-06,81.44000244140625,1487.47998046875,85.37974548339844,178.61553955078125,93.25,200.20274353027344,176.6425018310547,157.9199981689453,206.00999450683594,333.6400146484375,519.9205322265625,143.13999938964844,192.91445922851562,230.5399932861328,289.4845886230469
2021-04-07,82.19999694824219,1500.02001953125,85.04096984863281,178.5787353515625,92.3499984741211,200.3001251220703,176.17869567871094,150.00999450683594,204.02000427246094,326.0199890136719,508.16748046875,141.86000061035156,191.99417114257812,223.6566619873047,287.3975524902344
2021-04-08,83.3499984741211,1524.050048828125,84.50862884521484,177.5385284423828,94.59500122070312,201.72157287597656,176.4589080810547,153.1300048828125,215.38999938964844,331.9100036621094,518.3794555664062,145.5500030517578,191.06448364257812,227.93333435058594,290.08087158203125
2021-04-09,82.76000213623047,1531.4200439453125,84.00530242919922,175.0163116455078,95.72250366210938,201.20556640625,178.27557373046875,151.35000610351562,218.57000732421875,330.4100036621094,521.3836059570312,143.8699951171875,192.84873962402344,225.67333984375,294.6922912597656
2021-04-12,78.58000183105469,1539.5,84.60541534423828,175.60546875,96.7874984741211,203.52272033691406,175.6955108642578,151.8699951171875,218.1300048828125,328.3399963378906,522.2516479492188,144.52999877929688,192.60458374023438,233.9933319091797,295.1097412109375
2021-04-13,80.19000244140625,1537.739990234375,83.99563598632812,173.71844482421875,97.0250015258789,206.44357299804688,176.38157653808594,153.08999633789062,224.02999877929688,328.4700012207031,526.3773193359375,146.14999389648438,192.45433044433594,254.10667419433594,304.5611572265625
2021-04-14,78.55000305175781,1516.6600341796875,84.10210418701172,173.58953857421875,97.7750015258789,207.91372680664062,176.8357696533203,151.91000366210938,218.07000732421875,325.57000732421875,521.6566162109375,144.17999267578125,193.17742919921875,244.07666015625,298.2104797363281
2021-04-15,83.01000213623047,1542.3900146484375,84.82801818847656,176.52601623535156,99.87249755859375,210.05564880371094,179.6573944091797,145.7899932861328,219.2899932861328,327.04998779296875,525.8604736328125,146.47000122070312,193.22438049316406,246.28334045410156,309.0333557128906
2021-04-16,82.1500015258789,1535.0400390625,85.118408203125,175.56863403320312,100.01000213623047,211.01951599121094,182.87521362304688,150.00999450683594,219.99000549316406,332.2300109863281,521.7640380859375,145.3000030517578,195.8444061279297,246.5933380126953,311.8955993652344
2021-04-19,81.11000061035156,1550.010009765625,84.53765106201172,174.85984802246094,98.26000213623047,211.00979614257812,183.2521209716797,141.13999938964844,213.19000244140625,318.67999267578125,520.4667358398438,146.0,195.9383087158203,238.2100067138672,314.8373718261719
2021-04-20,79.2699966430664,1532.0899658203125,86.3089370727539,180.06350708007812,97.22750091552734,212.5286102294922,184.18946838378906,147.0,206.86000061035156,313.7699890136719,516.07763671875,139.72000122070312,194.6423797607422,239.663330078125,317.39288330078125
2021-04-21,81.61000061035156,1507.6199951171875,87.0058364868164,181.3783416748047,100.40499877929688,211.11688232421875,184.51797485351562,155.0800018310547,209.75999450683594,323.0199890136719,510.352294921875,141.0500030517578,194.17283630371094,248.0399932861328,322.00677490234375
2021-04-22,79.05999755859375,1480.0,86.75418090820312,180.61907958984375,102.59500122070312,209.48121643066406,180.74932861328125,160.8800048828125,210.27999877929688,321.6600036621094,490.48443603515625,143.47999572753906,193.04592895507812,239.89666748046875,320.0279846191406
2021-04-23,82.76000213623047,1468.530029296875,84.75060272216797,174.57281494140625,103.75,207.68003845214844,182.3630828857422,166.97000122070312,214.58999633789062,330.5799865722656,494.9515380859375,149.00999450683594,193.45913696289062,243.13333129882812,321.85760498046875
2021-04-26,85.41000366210938,1470.7900390625,83.30841064453125,173.9061737060547,104.69249725341797,206.14175415039062,180.91360473632812,172.64999389648438,205.17999267578125,330.82000732421875,492.7569885253906,152.5,191.22413635253906,246.06666564941406,320.5947570800781
2021-04-27,85.20999908447266,1468.8699951171875,82.05011749267578,172.5080108642578,105.42500305175781,206.7940673828125,176.07235717773438,171.10000610351562,207.49000549316406,331.75,483.4326477050781,157.8000030517578,191.90968322753906,234.913330078125,318.5463562011719
2021-04-28,84.0199966430664,1476.1600341796875,81.69198608398438,171.3599090576172,106.44249725341797,206.48251342773438,174.46829223632812,146.91000366210938,211.35000610351562,316.1600036621094,477.30743408203125,159.1300048828125,192.0035858154297,231.46665954589844,320.40582275390625
2021-04-29,83.91000366210938,1484.1099853515625,83.22129821777344,172.16542053222656,105.42500305175781,209.1988525390625,176.06271362304688,143.39999389648438,208.8000030517578,337.17999267578125,483.5496520996094,156.5500030517578,194.74569702148438,225.6666717529297,322.7227783203125
2021-04-30,81.62000274658203,1492.030029296875,82.98899841308594,168.98025512695312,96.5250015258789,209.08201599121094,176.61349487304688,139.25,198.7899932861328,323.95001220703125,476.41986083984375,155.6300048828125,194.6329803466797,236.47999572753906,326.6703796386719
2021-05-03,78.55000305175781,1471.0400390625,84.64413452148438,167.24880981445312,95.14250183105469,210.85401916503906,179.6573944091797,136.41000366210938,190.7100067138672,325.25,476.6344909667969,148.44000244140625,198.4080810546875,228.3000030517578,328.0227355957031
2021-05-04,78.61000061035156,1450.0,86.55091857910156,169.0728759765625,92.8550033569336,210.53271484375,181.86058044433594,127.83000183105469,188.4499969482422,312.989990234375,462.3162841796875,138.92999267578125,198.7179718017578,224.53334045410156,327.3465270996094
2021-05-05,77.83000183105469,1426.5,85.45716094970703,170.4709930419922,91.48500061035156,210.1822052001953,186.31532287597656,126.87999725341797,184.57000732421875,319.3299865722656,445.3647155761719,143.6699981689453,199.46922302246094,223.64666748046875,326.74993896484375
2021-05-06,77.88999938964844,1411.4100341796875,85.64108276367188,170.9339599609375,89.33499908447266,212.73309326171875,187.35894775390625,121.94000244140625,157.67999267578125,318.1600036621094,427.7986145019531,139.9600067138672,200.0232696533203,221.17999267578125,327.5653381347656
2021-05-07,78.80999755859375,1426.050048828125,84.62478637695312,169.45245361328125,89.68499755859375,214.38821411132812,188.83740234375,122.95999908447266,165.50999450683594,327.3800048828125,426.3941345214844,146.19000244140625,201.6291046142578,224.1233367919922,331.80133056640625
2021-05-10,75.98999786376953,1391.8399658203125,86.5218734741211,174.06358337402344,85.67250061035156,213.0835723876953,188.19961547851562,118.12000274658203,167.1300048828125,305.2099914550781,428.94952392578125,141.80999755859375,200.99053955078125,209.67999267578125,331.8510437011719
2021-05-11,76.83000183105469,1393.25,85.26358795166016,172.16542053222656,87.0,208.2544708251953,188.18997192382812,121.41999816894531,169.83999633789062,304.6199951171875,437.65301513671875,146.39999389648438,196.4923553466797,205.73333740234375,333.3326721191406
2021-05-12,74.63999938964844,1342.02001953125,84.59573364257812,168.498779296875,83.37000274658203,200.43638610839844,186.69216918945312,117.16999816894531,159.33999633789062,289.17999267578125,434.5077209472656,141.6199951171875,190.59495544433594,196.6300048828125,322.9713439941406
2021-05-13,73.08999633789062,1322.699951171875,86.0450210571289,169.1006317138672,80.98999786376953,200.3292999267578,189.20602416992188,114.61000061035156,156.58999633789062,293.3599853515625,441.7361145019531,138.39999389648438,195.90077209472656,190.56333923339844,326.4515686035156
2021-05-14,74.58999633789062,1356.2099609375,85.95765686035156,167.88768005371094,83.3125,200.75770568847656,190.4386444091797,119.77999877929688,163.11000061035156,300.8900146484375,445.7215576171875,142.19000244140625,198.29539489746094,196.5800018310547,331.19476318359375
2021-05-17,74.6500015258789,1331.5799560546875,85.70525360107422,167.2950897216797,81.3499984741211,198.81048583984375,189.77862548828125,118.41999816894531,165.17999267578125,293.95001220703125,444.53955078125,139.99000549316406,197.22482299804688,192.27667236328125,324.86065673828125
2021-05-18,74.44000244140625,1324.510009765625,85.26844024658203,168.20248413085938,82.52749633789062,199.54067993164062,188.90513610839844,122.51000213623047,167.25,295.8599853515625,436.3441162109375,136.86000061035156,194.48324584960938,192.6233367919922,325.02972412109375
2021-05-19,76.2300033569336,1307.18994140625,85.13253784179688,167.276611328125,83.07250213623047,198.35289001464844,190.7298126220703,130.6699981689453,165.4199981689453,301.6000061035156,432.86663818359375,138.83999633789062,206.335205078125,187.82000732421875,324.0353088378906
2021-05-20,78.05999755859375,1341.780029296875,84.82191467285156,167.58213806152344,86.07499694824219,198.7325897216797,193.66098022460938,141.82000732421875,172.36000061035156,308.5299987792969,440.48577880859375,142.77999877929688,208.95431518554688,195.5933380126953,330.9163513183594
2021-05-21,77.16999816894531,1330.0,84.6374740600586,165.13771057128906,85.52249908447266,199.62832641601562,194.00070190429688,142.27999877929688,167.55999755859375,308.67999267578125,445.418701171875,143.32000732421875,212.0633087158203,193.6266632080078,331.57269287109375
2021-05-24,77.44000244140625,1342.3599853515625,84.64718627929688,165.57289123535156,88.84750366210938,191.9465789794922,195.10716247558594,140.8699951171875,165.17999267578125,310.6400146484375,445.8191833496094,147.3000030517578,212.3648223876953,202.14666748046875,337.60845947265625
2021-05-25,77.86000061035156,1346.1300048828125,84.36567687988281,165.41546630859375,88.3125,193.62115478515625,193.360107421875,138.52999877929688,167.0500030517578,312.8999938964844,447.8899841308594,144.25999450683594,212.26116943359375,201.56333923339844,343.4155578613281
2021-05-26,78.33999633789062,1345.81005859375,84.12300109863281,164.4525146484375,88.67250061035156,194.7018585205078,195.0780487060547,143.0399932861328,168.22000122070312,320.2099914550781,452.03179931640625,144.63999938964844,213.96641540527344,206.3766632080078,342.45111083984375
2021-05-27,78.41999816894531,1365.5999755859375,82.81250762939453,163.40621948242188,90.47750091552734,198.9954833984375,193.34068298339844,142.30999755859375,166.74000549316406,326.2200012207031,451.3186950683594,143.00999450683594,214.2113800048828,210.28334045410156,342.7593688964844
2021-05-28,80.08000183105469,1371.97998046875,83.22021484375,163.6376953125,92.34750366210938,197.6032257080078,193.8648223876953,143.0500030517578,164.72999572753906,328.7200012207031,455.72412109375,143.3800048828125,213.7874298095703,208.4066619873047,345.553466796875
2021-06-01,80.80999755859375,1361.1300048828125,82.38538360595703,163.57290649414062,91.4175033569336,196.10386657714844,192.58364868164062,139.44000244140625,163.4600067138672,321.75,443.79718017578125,143.22000122070312,214.1171875,207.96665954589844,338.244873046875
2021-06-02,81.97000122070312,1362.3900146484375,82.6086654663086,164.70254516601562,92.74749755859375,196.89248657226562,193.2727508544922,139.1699981689453,175.13999938964844,320.69000244140625,449.7850036621094,139.42999267578125,215.16290283203125,201.7066650390625,331.89080810546875
2021-06-03,80.27999877929688,1333.0400390625,83.68617248535156,165.48031616210938,94.18499755859375,200.56300354003906,196.73773193359375,134.1300048828125,165.74000549316406,316.3999938964844,433.9117736816406,136.80999755859375,215.91665649414062,190.94667053222656,330.8963928222656
2021-06-04,81.58000183105469,1326.3399658203125,83.93856048583984,165.7488250732422,95.72750091552734,201.30291748046875,196.07777404785156,134.6999969482422,164.17999267578125,327.3999938964844,439.79229736328125,137.92999267578125,217.95162963867188,199.68333435058594,331.5527038574219
2021-06-07,81.3499984741211,1323.260009765625,83.50172424316406,165.4062042236328,96.74500274658203,200.56300354003906,215.97474670410156,137.47000122070312,168.32000732421875,329.9599914550781,438.1902160644531,143.47999572753906,217.52767944335938,201.7100067138672,331.443359375
2021-06-08,80.88999938964844,1336.6400146484375,82.63777160644531,162.73031616210938,97.48750305175781,200.29039001464844,214.20828247070312,139.14999389648438,170.2100067138672,350.79998779296875,430.54180908203125,142.85000610351562,221.49404907226562,201.19667053222656,328.4403381347656
2021-06-09,79.95999908447266,1328.5699462890625,82.06504821777344,162.6840057373047,97.50749969482422,199.52120971679688,219.35240173339844,136.97000122070312,167.3000030517578,343.7099914550781,423.56732177734375,141.77000427246094,218.5169219970703,199.5933380126953,334.03863525390625
2021-06-10,81.55999755859375,1344.68994140625,82.2494888305664,163.2581024169922,99.74500274658203,201.0010986328125,226.6706085205078,143.5,167.14999389648438,344.6199951171875,422.85430908203125,141.8800048828125,218.25311279296875,203.3733367919922,341.8444519042969
2021-06-11,81.30999755859375,1366.800048828125,82.2106704711914,163.10992431640625,100.04750061035156,203.7855987548828,217.4985809326172,147.1300048828125,165.82000732421875,349.17999267578125,430.639404296875,141.57000732421875,219.4590301513672,203.29666137695312,343.3857421875
2021-06-14,81.55000305175781,1391.3299560546875,82.06504821777344,161.32290649414062,102.27249908447266,204.01930236816406,219.44944763183594,147.64999389648438,170.3000030517578,355.0899963378906,444.16839599609375,143.86000061035156,219.58151245117188,205.89666748046875,343.19683837890625
2021-06-15,80.47000122070312,1370.6400146484375,82.6960220336914,160.66549682617188,101.2750015258789,206.52146911621094,216.94534301757812,144.9199981689453,166.05999755859375,362.260009765625,442.0290832519531,142.33999633789062,219.11044311523438,199.7866668701172,342.8985290527344
2021-06-16,80.11000061035156,1383.3800048828125,81.77383422851562,161.24884033203125,100.9375,205.56732177734375,214.2665252685547,152.02000427246094,167.3699951171875,369.70001220703125,438.9424133300781,143.02000427246094,217.87623596191406,201.6233367919922,344.1613464355469
2021-06-17,84.55999755859375,1394.22998046875,82.95812225341797,162.45252990722656,103.11250305175781,207.65086364746094,215.67388916015625,161.99000549316406,169.63999938964844,378.94000244140625,450.40045166015625,150.25,217.8385467529297,205.53334045410156,350.0480041503906
2021-06-18,84.6500015258789,1399.6300048828125,81.23023986816406,160.16552734375,104.57250213623047,207.08616638183594,212.12152099609375,165.85000610351562,169.82000732421875,386.3999938964844,439.11822509765625,153.9199981689453,217.1885223388672,207.77000427246094,350.3065490722656
2021-06-21,82.58999633789062,1426.5999755859375,81.49231719970703,160.10997009277344,105.75749969482422,208.32266235351562,216.1203155517578,163.0800018310547,170.7899932861328,389.2099914550781,444.6470031738281,155.72000122070312,220.24099731445312,206.94332885742188,355.57672119140625
2021-06-22,83.58000183105469,1447.6400146484375,81.48263549804688,161.64698791503906,106.87750244140625,209.16966247558594,214.926513671875,167.3000030517578,177.97999572753906,396.7699890136719,447.19647216796875,159.05999755859375,223.48190307617188,207.90333557128906,358.0626525878906
2021-06-23,83.81999969482422,1455.3699951171875,80.6186752319336,159.9247589111328,107.93000030517578,208.42971801757812,210.7141876220703,170.24000549316406,179.4499969482422,406.1199951171875,447.206298828125,161.52999877929688,223.57611083984375,218.85667419433594,356.68048095703125
2021-06-24,86.0999984741211,1489.219970703125,80.74485778808594,159.68405151367188,106.25,208.2544708251953,226.1173858642578,170.77000427246094,181.52000427246094,392.6199951171875,450.3711853027344,164.27000427246094,225.95970153808594,226.60667419433594,357.5157470703125
2021-06-25,85.62000274658203,1518.75,81.76412963867188,163.56362915039062,107.58999633789062,206.31700134277344,223.4482421875,175.38999938964844,184.8000030517578,396.04998779296875,457.1112060546875,161.99000549316406,226.6286163330078,223.9566650390625,358.03277587890625
2021-06-28,87.08000183105469,1507.81005859375,82.56983184814453,166.1840057373047,106.79000091552734,209.3449249267578,221.50711059570312,188.3300018310547,198.41000366210938,409.19000244140625,458.732666015625,161.52999877929688,227.2975311279297,229.57333374023438,361.15521240234375
2021-06-29,89.5199966430664,1534.280029296875,82.4533462524414,166.10992431640625,106.69999694824219,211.262939453125,222.62326049804688,185.7100067138672,202.52999877929688,410.4200134277344,461.19427490234375,162.27999877929688,227.8533935546875,226.9199981689453,357.97314453125
2021-06-30,93.93000030517578,1550.3399658203125,82.72515106201172,166.58213806152344,106.75,210.67872619628906,222.7688446044922,183.6300048828125,205.83999633789062,415.1499938964844,452.842529296875,161.25,227.74974060058594,226.56666564941406,357.07818603515625
2021-07-01,93.30999755859375,1538.22998046875,82.41452026367188,165.60064697265625,106.70999908447266,212.061279296875,224.3314971923828,183.11000061035156,199.50999450683594,413.4100036621094,453.4481201171875,159.47999572753906,229.37962341308594,225.97332763671875,360.9661865234375
2021-07-02,94.69999694824219,1566.3699951171875,82.773681640625,166.00808715820312,107.89749908447266,213.17332458496094,227.0782928466797,186.41000366210938,197.57000732421875,415.20001220703125,453.11602783203125,161.39999389648438,232.30966186523438,226.3000030517578,363.6808166503906
2021-07-06,94.47000122070312,1566.4100341796875,83.01637268066406,167.8691864013672,110.1624984741211,213.04652404785156,228.49530029296875,188.80999755859375,197.80999755859375,429.3500061035156,460.8621826171875,161.24000549316406,231.24501037597656,219.86000061035156,366.9125061035156
2021-07-07,90.54000091552734,1583.989990234375,84.09386444091797,171.6376495361328,111.87999725341797,216.07054138183594,228.88356018066406,181.8300018310547,192.89999389648438,432.7699890136719,439.64569091796875,157.69000244140625,233.22349548339844,214.88333129882812,370.5618896484375
2021-07-08,89.73999786376953,1576.050048828125,83.97737884521484,168.40621948242188,111.74250030517578,214.27565002441406,230.14529418945312,179.72000122070312,196.02000427246094,426.6000061035156,448.37841796875,158.25,234.19390869140625,217.60333251953125,371.0093078613281
2021-07-09,90.9000015258789,1592.25,84.43363189697266,167.48028564453125,110.18250274658203,215.3584442138672,228.07797241210938,183.8000030517578,195.08999633789062,436.3699951171875,450.087890625,162.6300048828125,234.19390869140625,218.98333740234375,372.0832824707031
2021-07-12,90.80999755859375,1615.56005859375,83.98707580566406,166.48028564453125,111.44249725341797,214.08055114746094,229.0679473876953,185.72000122070312,194.3000030517578,448.1499938964844,451.1135559082031,162.83999633789062,237.64207458496094,228.56666564941406,373.8731689453125
2021-07-13,90.26000213623047,1607.2900390625,83.51143646240234,165.6932373046875,111.59750366210938,214.6268310546875,228.3788299560547,184.05999755859375,188.5,445.2300109863281,448.3589172363281,164.61000061035156,237.180419921875,222.84666442871094,370.55194091796875
2021-07-14,89.05000305175781,1619.97998046875,83.44346618652344,167.2210235595703,110.12249755859375,215.47549438476562,229.39796447753906,170.7899932861328,182.86000061035156,436.7300109863281,448.8082275390625,161.52999877929688,238.95162963867188,217.7933349609375,369.3487243652344
2021-07-15,86.93000030517578,1581.8599853515625,83.92884826660156,168.1191864013672,110.3550033569336,216.50949096679688,224.66152954101562,165.2899932861328,182.3000030517578,432.8599853515625,444.1293029785156,162.8300018310547,238.29214477539062,216.86666870117188,369.8657531738281
2021-07-16,85.88999938964844,1560.489990234375,84.77338409423828,172.51727294921875,112.17250061035156,216.72410583496094,225.6223907470703,163.4499969482422,184.4199981689453,430.3399963378906,448.4468688964844,161.1699981689453,236.6151580810547,214.74000549316406,371.5562438964844
2021-07-19,86.58000183105469,1551.1600341796875,84.9480972290039,173.8321075439453,108.76249694824219,218.7726593017578,227.25296020507812,165.27999877929688,190.3300018310547,434.25,451.9535827636719,153.3300018310547,236.58689880371094,215.4066619873047,368.9112548828125
2021-07-20,87.11000061035156,1574.3499755859375,84.44332122802734,168.87840270996094,111.92500305175781,220.8601837158203,228.10708618164062,172.08999633789062,194.8699951171875,436.4200134277344,449.8241882324219,153.77000427246094,239.96914672851562,220.1666717529297,370.7615966796875
2021-07-21,89.41000366210938,1755.989990234375,82.4533462524414,165.59140014648438,111.74500274658203,218.72386169433594,230.31033325195312,179.7899932861328,195.8000030517578,447.3399963378906,445.28192138671875,159.6999969482422,241.23158264160156,218.42999267578125,366.046142578125
2021-07-22,91.20999908447266,1798.4000244140625,82.66691589355469,167.3228759765625,112.72250366210938,220.06027221679688,231.47500610351562,178.94000244140625,201.85000610351562,444.5899963378906,453.6532897949219,160.5,242.1360321044922,216.4199981689453,372.04498291015625
2021-07-23,92.1500015258789,1830.9200439453125,83.94824981689453,171.0821075439453,115.18000030517578,223.28912353515625,236.96852111816406,178.17999267578125,208.86000061035156,449.6400146484375,464.1735534667969,165.86000061035156,245.9233856201172,214.4600067138672,379.0982360839844
2021-07-26,91.81999969482422,1806.8699951171875,83.90943145751953,171.869140625,113.1449966430664,224.33294677734375,236.0561981201172,176.67999267578125,206.0500030517578,444.6499938964844,456.1246032714844,164.22999572753906,245.76319885253906,219.2066650390625,375.5566711425781
2021-07-27,91.02999877929688,1835.1199951171875,84.50157165527344,170.35040283203125,112.1449966430664,224.5084991455078,236.415283203125,172.86000061035156,199.47999572753906,438.9200134277344,455.8999328613281,162.17999267578125,243.40789794921875,214.92666625976562,376.422119140625
2021-07-28,97.93000030517578,1816.260009765625,83.77354431152344,169.30686950683594,114.9800033569336,224.4207000732422,239.25909423828125,181.4199981689453,202.94000244140625,431.0400085449219,460.02215576171875,163.6199951171875,242.52230834960938,215.66000366210938,382.0230407714844
2021-07-29,102.94999694824219,1846.1500244140625,84.36567687988281,170.35972595214844,114.01249694824219,227.2886505126953,238.1138458251953,182.05999755859375,198.97999572753906,419.29998779296875,464.74993896484375,163.39999389648438,246.5169219970703,225.78334045410156,402.8247985839844
2021-07-30,106.19000244140625,1863.43994140625,84.04533386230469,168.5428466796875,128.87750244140625,226.9374542236328,236.33763122558594,189.60000610351562,183.50999450683594,419.3599853515625,464.1540222167969,159.27000427246094,245.9422149658203,229.06666564941406,409.59954833984375
2021-08-02,108.62999725341797,1864.4200439453125,83.0940170288086,168.8316650390625,127.8375015258789,226.80088806152344,239.34646606445312,183.11000061035156,188.88999938964844,400.0,468.8720703125,161.33999633789062,242.3527069091797,236.55667114257812,413.08148193359375
2021-08-03,112.55999755859375,1884.489990234375,82.6474838256836,152.86158752441406,130.30499267578125,229.28839111328125,248.4602508544922,192.6199951171875,190.4600067138672,402.0899963378906,469.4590148925781,158.47000122070312,247.02565002441406,236.5800018310547,420.0054931640625
2021-08-04,118.7699966430664,1898.8299560546875,81.31759643554688,154.30577087402344,128.63250732421875,229.14207458496094,254.74969482421875,193.92999267578125,202.10000610351562,400.239990234375,481.3827819824219,150.57000732421875,245.4523162841797,236.97332763671875,425.9247741699219
2021-08-05,112.3499984741211,1899.97998046875,81.29817962646484,152.39573669433594,130.9824981689453,230.02975463867188,256.4190673828125,183.4499969482422,182.41000366210938,403.7200012207031,480.0133056640625,146.4199981689453,246.27194213867188,238.2100067138672,423.45751953125
2021-08-06,110.11000061035156,1887.1500244140625,81.0652084350586,151.48263549804688,129.16000366210938,230.36141967773438,255.69113159179688,179.74000549316406,178.36000061035156,415.0400085449219,475.09320068359375,145.7899932861328,245.0377960205078,233.03334045410156,425.2780456542969
2021-08-09,107.58000183105469,1875.0699462890625,81.66706848144531,153.59767150878906,129.39500427246094,230.58578491210938,259.3017272949219,185.55999755859375,183.10000610351562,417.8599853515625,474.0563659667969,141.1300048828125,247.22349548339844,237.9199981689453,426.7901611328125
2021-08-10,106.4800033569336,1866.7900390625,81.66706848144531,153.58836364746094,124.98500061035156,232.38070678710938,261.5243835449219,184.08999633789062,188.4600067138672,419.0899963378906,457.3395690917969,139.0,248.78744506835938,236.663330078125,422.81085205078125
2021-08-11,107.68000030517578,1856.4599609375,81.7835464477539,155.1536865234375,122.56500244140625,232.16607666015625,256.3317565917969,182.2899932861328,193.9600067138672,417.2200012207031,452.3998718261719,140.4499969482422,247.7887725830078,235.94000244140625,420.6222839355469
2021-08-12,106.5,1877.3499755859375,81.85149383544922,155.3772735595703,123.2125015258789,230.48822021484375,256.54595947265625,181.2899932861328,193.24000549316406,423.32000732421875,453.192138671875,139.10000610351562,246.72418212890625,240.75,427.49652099609375
2021-08-13,110.55000305175781,1887.81005859375,82.85726928710938,156.95193481445312,122.85250091552734,230.95645141601562,257.2664794921875,175.0,192.0800018310547,414.1000061035156,453.29974365234375,136.25,246.4038848876953,239.05667114257812,432.0329284667969
2021-08-16,107.4800033569336,1877.3699951171875,83.93802642822266,158.2936553955078,126.54499816894531,232.010009765625,262.84588623046875,167.5399932861328,190.4199981689453,410.19000244140625,459.7849426269531,134.7100067138672,247.92066955566406,228.72332763671875,439.3249816894531
2021-08-17,107.55999755859375,1869.6099853515625,84.3080062866211,159.5328826904297,127.55999755859375,225.86439514160156,265.54302978515625,163.47999572753906,194.3000030517578,389.989990234375,464.1671142578125,130.97000122070312,240.73594665527344,221.90333557128906,439.5637512207031
2021-08-18,103.44000244140625,1851.47998046875,82.51651763916016,156.94264221191406,127.38500213623047,225.96200561523438,261.46319580078125,162.47000122070312,190.8000030517578,390.04998779296875,451.7542419433594,133.72999572753906,234.05224609375,229.663330078125,439.93182373046875
2021-08-19,103.69999694824219,1870.739990234375,84.11328125,159.42108154296875,126.38749694824219,226.77163696289062,263.2938232421875,162.88999938964844,192.27999877929688,391.8500061035156,461.9565124511719,133.5500030517578,232.00082397460938,224.49000549316406,444.6473083496094
2021-08-20,104.6500015258789,1891.5400390625,83.75303649902344,158.45204162597656,129.74749755859375,229.02500915527344,263.7904357910156,165.99000549316406,199.27000427246094,400.32000732421875,465.11590576171875,132.66000366210938,239.55422973632812,226.75332641601562,447.1841125488281
2021-08-23,108.7699966430664,1912.0,82.68202209472656,156.71900939941406,128.17999267578125,228.88845825195312,260.7816162109375,172.24000549316406,196.5800018310547,415.0299987792969,466.3679504394531,136.52999877929688,238.7317657470703,235.43333435058594,444.2593688964844
2021-08-24,107.6500015258789,1920.52001953125,80.94892883300781,155.3120880126953,128.8249969482422,227.04476928710938,255.86431884765625,172.9199981689453,201.39999389648438,418.8999938964844,470.2512512207031,140.16000366210938,236.95449829101562,236.163330078125,443.5729064941406
2021-08-25,108.30000305175781,1924.5,80.1894760131836,153.5790557861328,129.38999938964844,228.98599243164062,256.9353942871094,172.91000366210938,202.27999877929688,425.8699951171875,462.01513671875,136.92999267578125,237.4272003173828,237.06666564941406,442.2198791503906
2021-08-26,107.2699966430664,1906.530029296875,80.20896911621094,153.7374267578125,129.26499938964844,220.3626708984375,254.4524688720703,172.42999267578125,212.58999633789062,427.4700012207031,466.1234436035156,136.74000549316406,235.3568572998047,233.72000122070312,444.3886413574219
2021-08-27,111.4000015258789,1918.949951171875,80.53025817871094,153.6070098876953,130.17750549316406,219.7286376953125,252.92372131347656,174.99000549316406,210.39999389648438,437.1099853515625,474.18353271484375,141.0,235.56480407714844,237.30667114257812,444.6473083496094
2021-08-30,111.31999969482422,1916.0699462890625,81.35784912109375,155.45181274414062,130.38499450683594,219.83592224121094,255.4164276123047,177.77999877929688,217.7100067138672,442.70001220703125,467.09185791015625,139.52999877929688,235.73501586914062,243.6366729736328,449.352783203125
2021-08-31,110.72000122070312,1903.3299560546875,81.45523834228516,156.5792694091797,132.35499572753906,217.4459686279297,251.50209045410156,173.72999572753906,216.25999450683594,436.9800109863281,465.52679443359375,137.44000244140625,233.48504638671875,245.24000549316406,449.2831726074219
2021-09-01,109.98999786376953,1898.3399658203125,82.1075668334961,159.14157104492188,136.22999572753906,217.23135375976562,250.6354522705078,176.42999267578125,216.77999877929688,438.7099914550781,469.0677185058594,138.6199951171875,232.90835571289062,244.69667053222656,450.77545166015625
2021-09-02,109.19999694824219,1902.800048828125,82.08808898925781,158.3961639404297,134.92750549316406,219.44573974609375,252.7484130859375,176.88999938964844,213.49000549316406,453.010009765625,468.99920654296875,147.11000061035156,232.3789825439453,244.1300048828125,456.625
2021-09-03,109.91999816894531,1920.010009765625,82.1659927368164,157.93959045410156,135.6074981689453,216.9972381591797,252.70948791503906,173.94000244140625,220.3800048828125,453.75,464.842041015625,148.19000244140625,230.96092224121094,244.52333068847656,461.9772033691406
2021-09-07,109.1500015258789,1894.8199462890625,81.77652740478516,156.65379333496094,137.9149932861328,216.10955810546875,248.10379028320312,168.72999572753906,216.44000244140625,445.54998779296875,441.44439697265625,159.36000061035156,229.45779418945312,250.97332763671875,459.47015380859375
2021-09-08,106.16999816894531,1905.699951171875,82.3704605102539,158.16322326660156,137.6374969482422,218.54827880859375,248.14273071289062,163.3800048828125,214.77000427246094,443.2099914550781,441.9823913574219,158.2899932861328,232.66256713867188,251.2899932861328,466.0460510253906
2021-09-09,106.1500015258789,1909.699951171875,81.26048278808594,157.399169921875,138.1649932861328,214.74388122558594,233.69273376464844,161.36000061035156,216.6300048828125,455.239990234375,433.94195556640625,157.7100067138672,232.0291748046875,251.6199951171875,458.8534240722656
2021-09-10,105.19999694824219,1901.030029296875,80.53025817871094,158.0979766845703,137.34500122070312,212.70510864257812,233.2058563232422,158.22000122070312,217.02000427246094,451.30999755859375,428.9141540527344,164.3800048828125,231.17835998535156,245.42333984375,456.6548767089844
2021-09-13,104.80000305175781,1867.18994140625,81.1436538696289,159.52357482910156,135.1074981689453,212.26612854003906,231.7063446044922,160.08999633789062,212.60000610351562,438.69000244140625,422.64410400390625,162.00999450683594,229.8170623779297,247.6666717529297,439.921875
2021-09-14,105.7300033569336,1859.7900390625,81.50390625,160.48324584960938,135.5574951171875,210.9882354736328,226.9643096923828,157.9499969482422,214.30999755859375,433.5400085449219,416.9316711425781,157.36000061035156,229.0040283203125,248.163330078125,449.72088623046875
2021-09-15,105.5999984741211,1880.0799560546875,81.44548797607422,157.3898468017578,137.91749572753906,211.6515655517578,227.58750915527344,155.52999877929688,217.4199981689453,441.5400085449219,416.49151611328125,158.88999938964844,230.8002166748047,251.94332885742188,450.148681640625
2021-09-16,106.22000122070312,1917.8800048828125,81.28970336914062,155.237548828125,141.28250122070312,216.1290740966797,224.96820068359375,156.7899932861328,224.14999389648438,440.70001220703125,418.2815246582031,160.05999755859375,233.45668029785156,252.3300018310547,452.1184387207031
2021-09-17,103.87999725341797,1909.02001953125,81.38706970214844,154.75302124023438,140.78500366210938,216.66558837890625,224.05291748046875,160.88999938964844,226.97999572753906,435.3599853515625,416.69696044921875,157.13999938964844,233.19198608398438,253.163330078125,446.2987365722656
2021-09-20,101.55000305175781,1884.3299560546875,81.4941635131836,153.53244018554688,139.44000244140625,216.35340881347656,225.5524139404297,152.44000244140625,217.66000366210938,421.1700134277344,416.1883239746094,151.4600067138672,228.9095001220703,243.38999938964844,442.3492736816406
2021-09-21,102.81999969482422,1897.4200439453125,81.90311431884766,152.59141540527344,138.44749450683594,214.16835021972656,224.12106323242188,154.2899932861328,220.58999633789062,425.2200012207031,412.598388671875,151.9199981689453,228.12481689453125,246.4600067138672,445.80133056640625
2021-09-22,104.37999725341797,1935.0400390625,81.01708984375,151.11923217773438,142.60499572753906,213.65130615234375,222.30020141601562,158.2100067138672,219.3699951171875,442.2699890136719,416.35455322265625,153.64999389648438,228.5596923828125,250.64666748046875,446.8558044433594
2021-09-23,106.1500015258789,1944.050048828125,81.07550048828125,151.30557250976562,143.1824951171875,213.00750732421875,226.07823181152344,158.32000732421875,223.66000366210938,454.0199890136719,415.8165283203125,154.77000427246094,229.4105224609375,251.2133331298828,452.86456298828125
2021-09-24,105.80000305175781,1937.219970703125,80.79314422607422,153.32745361328125,140.18499755859375,212.3734130859375,225.59136962890625,153.66000366210938,222.85000610351562,444.6099853515625,414.7406311035156,160.91000366210938,228.24774169921875,258.1300048828125,454.74481201171875
2021-09-27,108.16000366210938,1899.5,80.38420867919922,153.6162872314453,137.2675018310547,211.44671630859375,220.4501190185547,155.05999755859375,225.77999877929688,443.79998779296875,408.1086730957031,164.63999938964844,225.54400634765625,263.78668212890625,439.3051452636719
2021-09-28,101.5199966430664,1839.4000244140625,81.1047134399414,155.2841339111328,134.23500061035156,209.92495727539062,215.77627563476562,150.7100067138672,212.35000610351562,425.3399963378906,409.7128601074219,156.49000549316406,220.68484497070312,259.1866760253906,425.2183532714844
2021-09-29,100.3499984741211,1846.5400390625,82.03941345214844,156.6351318359375,136.39500427246094,211.6515655517578,224.3060760498047,148.39999389648438,205.3000030517578,406.5299987792969,414.40802001953125,152.3800048828125,222.9631805419922,260.4366760253906,430.1725769042969
2021-09-30,102.9000015258789,1817.52001953125,80.39395141601562,154.30577087402344,136.71499633789062,206.93997192382812,224.97793579101562,149.97000122070312,207.9600067138672,408.6700134277344,411.5028991699219,156.99000549316406,216.27003479003906,258.49334716796875,422.34332275390625
2021-10-01,102.44999694824219,1828.5999755859375,80.07263946533203,153.2902069091797,137.47999572753906,204.08177185058594,223.55630493164062,155.36000061035156,204.3699951171875,404.95001220703125,408.695556640625,158.6300048828125,215.9391632080078,258.40667724609375,417.5581970214844
2021-10-04,100.33999633789062,1804.77001953125,79.57609558105469,152.55413818359375,131.6074981689453,201.54042053222656,218.94088745117188,145.02999877929688,198.72000122070312,402.0899963378906,408.695556640625,152.64999389648438,213.54739379882812,260.510009765625,407.6994934082031
2021-10-05,101.80999755859375,1830.1199951171875,79.06005859375,151.51988220214844,135.09750366210938,200.9734649658203,224.86106872558594,147.41000366210938,203.63999938964844,403.0,422.1061706542969,154.5,215.12612915039062,260.1966552734375,411.3405456542969
2021-10-06,103.63999938964844,1833.8900146484375,80.54973602294922,153.89584350585938,135.45750427246094,202.44944763183594,221.86203002929688,153.5800018310547,209.52999877929688,405.1700134277344,403.42327880859375,157.30999755859375,214.43605041503906,260.9166564941406,411.15155029296875
2021-10-07,106.44999694824219,1846.6700439453125,80.79314422607422,153.79335021972656,134.79750061035156,206.0758056640625,227.05194091796875,157.22999572753906,216.52000427246094,417.5799865722656,410.6714782714844,159.92999267578125,217.26268005371094,264.53668212890625,415.5586242675781
2021-10-08,105.05999755859375,1817.6099853515625,80.95866394042969,152.32119750976562,132.27499389648438,205.65550231933594,227.7919921875,154.36000061035156,212.02000427246094,406.7799987792969,401.1930236816406,157.5399932861328,216.39292907714844,261.8299865722656,405.0333251953125
2021-10-11,104.68000030517578,1783.8599853515625,80.81260681152344,151.11923217773438,132.19500732421875,205.05921936035156,227.52908325195312,161.25999450683594,202.33999633789062,409.57000732421875,394.16009521484375,155.63999938964844,216.22276306152344,263.9800109863281,401.4818115234375
2021-10-12,105.04000091552734,1803.5699462890625,80.38420867919922,151.83668518066406,134.61500549316406,203.563720703125,226.6624755859375,169.83999633789062,213.13999938964844,421.42999267578125,389.1127624511719,158.8000030517578,217.65968322753906,268.5733337402344,401.1137390136719
2021-10-13,109.16000366210938,1810.550048828125,80.92945098876953,149.75888061523438,137.0124969482422,204.6780242919922,230.22628784179688,173.2100067138672,213.75,418.9100036621094,391.34295654296875,158.9600067138672,223.8140106201172,270.3599853515625,400.16864013671875
2021-10-14,111.98999786376953,1840.68994140625,81.1728744506836,152.3770751953125,138.62750244140625,208.00137329101562,230.4697265625,173.77999877929688,215.89999389648438,433.75,394.365478515625,157.00999450683594,228.86221313476562,272.7733459472656,405.3218078613281
2021-10-15,112.12000274658203,1830.9300537109375,81.2507553100586,152.0975799560547,136.11749267578125,208.00137329101562,231.62844848632812,172.9199981689453,221.08999633789062,451.94000244140625,396.9086608886719,160.02000427246094,232.284423828125,281.010009765625,402.7154235839844
2021-10-18,116.43000030517578,1852.6700439453125,80.73472595214844,149.60049438476562,135.32000732421875,208.8810577392578,232.69952392578125,179.97000122070312,228.0,470.0199890136719,396.1555480957031,158.22999572753906,239.79058837890625,290.03668212890625,406.60516357421875
2021-10-19,116.33000183105469,1841.1400146484375,81.1339111328125,148.13768005371094,137.5124969482422,208.9690399169922,235.9420166015625,187.05999755859375,226.41000366210938,462.8399963378906,402.2103576660156,160.69000244140625,238.41038513183594,288.0899963378906,415.40936279296875
2021-10-20,116.38999938964844,1823.0899658203125,81.39678955078125,150.0477294921875,139.13499450683594,210.3765411376953,237.31495666503906,180.10000610351562,233.1199951171875,458.2200012207031,396.8304748535156,159.16000366210938,238.0700225830078,288.6000061035156,412.4547424316406
2021-10-21,119.33000183105469,1843.8299560546875,81.59152221679688,149.13465881347656,142.02499389648438,214.0028839111328,234.8319854736328,179.8000030517578,235.97999572753906,471.7099914550781,401.7603759765625,175.52999877929688,240.31997680664062,298.0,420.0452880859375
2021-10-22,119.81999969482422,1792.2099609375,82.4483413696289,150.42044067382812,141.6425018310547,215.34202575683594,237.34417724609375,176.6999969482422,241.27000427246094,470.32000732421875,406.3577575683594,169.32000732421875,241.94602966308594,303.2266540527344,419.0106506347656
2021-10-25,122.36000061035156,1774.97998046875,81.55259704589844,150.6067657470703,142.0850067138672,217.4728546142578,238.6100311279297,179.42999267578125,252.57000732421875,470.1199951171875,398.35638427734375,167.64999389648438,246.12451171875,341.6199951171875,415.2700500488281
2021-10-26,122.93000030517578,1748.47998046875,82.3704605102539,151.29188537597656,141.41000366210938,216.5345001220703,241.9109344482422,173.4600067138672,247.52000427246094,472.7099914550781,395.7055969238281,163.1999969482422,244.593017578125,339.4766540527344,418.125244140625
2021-10-27,122.27999877929688,1766.06005859375,81.86415100097656,149.75277709960938,139.63499450683594,215.40065002441406,243.595458984375,216.22000122070312,243.88999938964844,488.8800048828125,394.6589660644531,158.4600067138672,242.52268981933594,345.9533386230469,419.15985107421875
2021-10-28,121.16000366210938,1777.6300048828125,83.04226684570312,151.9019012451172,142.5800018310547,215.93824768066406,246.69189453125,224.4600067138672,242.75,503.5199890136719,396.21417236328125,156.05999755859375,244.1108856201172,359.0133361816406,418.9508972167969
2021-10-29,120.2300033569336,1779.030029296875,85.05770874023438,152.98109436035156,155.80250549316406,216.52471923828125,248.06484985351562,231.6300048828125,250.69000244140625,498.55999755859375,399.745361328125,150.77999877929688,245.4343719482422,371.3333435058594,427.6557312011719
2021-11-01,125.2300033569336,1801.18994140625,85.33032989501953,153.3471221923828,156.8175048828125,215.49838256835938,242.75808715820312,239.52999877929688,243.6199951171875,505.79998779296875,399.6866760253906,154.08999633789062,243.82728576660156,402.86334228515625,424.5319519042969
2021-11-02,127.62999725341797,1799.6400146484375,86.72264862060547,155.21470642089844,159.91000366210938,216.8375244140625,250.09991455078125,237.61000061035156,240.6300048828125,483.5799865722656,398.8636779785156,148.5500030517578,246.0394287109375,390.6666564941406,435.7635192871094
2021-11-03,130.52999877929688,1777.1099853515625,86.56686401367188,155.18655395507812,154.93499755859375,218.6750946044922,259.2625732421875,236.5800018310547,239.6199951171875,453.3999938964844,396.3457946777344,152.94000244140625,246.1812286376953,404.6199951171875,435.94256591796875
2021-11-04,137.5,1808.1600341796875,86.9952621459961,154.3231658935547,157.4550018310547,221.10897827148438,263.8780517578125,242.60000610351562,271.2699890136719,452.0299987792969,380.6600341796875,156.97999572753906,246.20957946777344,409.9700012207031,430.82916259765625
2021-11-05,136.33999633789062,1794.3499755859375,86.4402847290039,153.2157440185547,158.86500549316406,220.54205322265625,258.03570556640625,237.89999389648438,260.1199951171875,442.8800048828125,380.4444885253906,160.72999572753906,240.37672424316406,407.36334228515625,401.6907043457031
2021-11-08,150.16000366210938,1799.9100341796875,86.09952545166016,154.16358947753906,159.2725067138672,215.94802856445312,253.68321228027344,241.6199951171875,260.8599853515625,448.54998779296875,382.1590576171875,155.91000366210938,239.48805236816406,387.64666748046875,411.13165283203125
2021-11-09,148.9199981689453,1814.9000244140625,87.2970962524414,155.92794799804688,159.2624969482422,215.21493530273438,255.13404846191406,239.38999938964844,258.6700134277344,439.79998779296875,379.34716796875,155.58999633789062,241.21807861328125,341.1666564941406,412.14678955078125
2021-11-10,139.8699951171875,1812.010009765625,88.0176010131836,155.26161193847656,155.10499572753906,215.79164123535156,257.69488525390625,231.47999572753906,248.5800018310547,440.3900146484375,380.8657531738281,154.0500030517578,240.1687469482422,355.98333740234375,407.53875732421875
2021-11-11,146.00999450683594,1816.0,87.91048431396484,155.7308807373047,159.34750366210938,216.29013061523438,255.72799682617188,250.49000549316406,253.33999633789062,450.0299987792969,374.96771240234375,149.75,242.0216522216797,354.5033264160156,414.90362548828125
2021-11-12,147.88999938964844,1863.0,87.79625701904297,155.82470703125,161.63999938964844,219.9262237548828,253.64724731445312,251.6199951171875,272.1499938964844,446.8699951171875,380.9442138671875,146.9499969482422,245.81248474121094,344.47332763671875,417.2225646972656
2021-11-15,146.49000549316406,1839.3800048828125,89.0069808959961,159.42848205566406,160.4875030517578,221.8811492919922,252.45545959472656,244.7100067138672,272.7200012207031,434.1600036621094,381.385009765625,148.4199981689453,249.8870086669922,337.7966613769531,420.45721435546875
2021-11-16,152.4499969482422,1827.5400390625,88.94839477539062,159.45663452148438,162.00750732421875,225.1360626220703,251.76185607910156,251.58999633789062,286.75,438.67999267578125,384.62799072265625,146.75,252.6949005126953,351.57666015625,440.13348388671875
2021-11-17,151.33999633789062,1806.0,89.32917785644531,158.83721923828125,162.81500244140625,217.8540496826172,255.14187622070312,254.86000061035156,282.32000732421875,426.6400146484375,375.0754699707031,147.61000061035156,240.75210571289062,363.0033264160156,442.55194091796875
2021-11-18,155.02000427246094,1779.1700439453125,89.06555938720703,155.57135009765625,162.1024932861328,217.3262481689453,255.28843688964844,254.47999572753906,290.2699890136719,422.0899963378906,359.39959716796875,142.38999938964844,239.09205627441406,365.4599914550781,447.2296142578125
2021-11-19,155.41000366210938,1754.9000244140625,90.05171966552734,156.70689392089844,160.2949981689453,219.4864044189453,254.67298889160156,267.739990234375,294.3800048828125,434.25,352.5022277832031,140.9499969482422,237.8114776611328,379.0199890136719,446.323974609375
2021-11-22,152.52000427246094,1721.4200439453125,91.53579711914062,157.29812622070312,154.51499938964844,220.8646240234375,254.4189910888672,261.1199951171875,279.239990234375,439.989990234375,359.8110656738281,137.00999450683594,231.9966583251953,385.6233215332031,435.60504150390625
2021-11-23,149.9199981689453,1708.469970703125,91.90682220458984,158.4524383544922,147.5,220.06309509277344,255.9038543701172,250.5,279.5299987792969,432.8299865722656,355.4022521972656,135.07000732421875,236.36964416503906,369.6766662597656,428.64813232421875
2021-11-24,157.8000030517578,1707.9300537109375,91.1745376586914,157.72984313964844,149.64500427246094,218.3916473388672,255.9429168701172,255.10000610351562,296.9100036621094,437.1000061035156,354.09918212890625,137.41000366210938,235.97120666503906,372.0,431.663818359375
2021-11-26,154.80999755859375,1686.8800048828125,91.1354751586914,163.49208068847656,147.99000549316406,219.35934448242188,254.35060119628906,247.4199981689453,291.3800048828125,433.1499938964844,353.2174072265625,133.6699981689453,233.893798828125,360.6400146484375,436.79937744140625
2021-11-29,161.91000366210938,1678.0999755859375,91.53579711914062,158.75277709960938,142.75250244140625,219.99465942382812,248.9386749267578,256.7099914550781,281.4800109863281,424.5799865722656,345.8105163574219,134.0800018310547,236.35067749023438,378.9966735839844,445.2590637207031
2021-11-30,158.3699951171875,1643.4100341796875,87.26901245117188,152.8309783935547,140.6475067138672,216.30967712402344,242.30563354492188,250.0,274.5799865722656,421.239990234375,345.5460205078125,129.99000549316406,231.3041534423828,381.586669921875,440.56146240234375
2021-12-01,149.11000061035156,1602.0799560546875,88.53832244873047,155.5619354248047,137.08749389648438,217.76609802246094,243.37045288085938,236.86000061035156,259.2799987792969,403.57000732421875,336.76751708984375,127.4800033569336,228.031494140625,365.0,433.3458251953125
2021-12-02,150.67999267578125,1611.43994140625,88.9093246459961,156.228271484375,140.05499267578125,210.9434814453125,242.1493682861328,235.0,249.55999755859375,406.4599914550781,343.9588317871094,128.27999877929688,232.8788299560547,361.5333251953125,435.31646728515625
2021-12-03,144.00999450683594,1592.0999755859375,90.14933776855469,157.8142852783203,129.87249755859375,216.993896484375,239.9025421142578,217.10000610351562,231.3300018310547,385.55999755859375,342.0091247558594,126.19000244140625,234.84242248535156,338.3233337402344,432.0718688964844
2021-12-06,139.05999755859375,1623.4599609375,91.92635345458984,158.34921264648438,131.1074981689453,220.4442901611328,240.6351776123047,212.94000244140625,224.89999389648438,366.67999267578125,354.66741943359375,129.44000244140625,230.4788818359375,336.336669921875,421.5718994140625
2021-12-07,144.85000610351562,1711.739990234375,90.74493408203125,155.09271240234375,139.60000610351562,219.43751525878906,239.44342041015625,222.55999755859375,237.4499969482422,358.4200134277344,372.9690856933594,134.4499969482422,233.00213623046875,350.5833435058594,427.9315490722656
2021-12-08,145.24000549316406,1739.2099609375,92.75628662109375,157.45765686035156,141.21249389648438,216.41722106933594,238.67166137695312,225.61000061035156,246.0,367.9800109863281,377.0741882324219,135.60000610351562,227.28213500976562,356.32000732421875,433.4453430175781
2021-12-09,138.10000610351562,1722.5999755859375,93.28353118896484,156.65057373046875,140.03750610351562,217.31643676757812,237.2844696044922,216.35000610351562,234.39999389648438,360.6400146484375,372.0873107910156,132.2100067138672,225.3470001220703,334.6000061035156,427.15533447265625
2021-12-10,138.5500030517578,1721.4000244140625,93.39093780517578,158.16152954101562,141.625,217.38485717773438,238.49581909179688,215.02000427246094,225.27999877929688,348.239990234375,378.0245361328125,130.33999633789062,225.9351348876953,339.010009765625,429.5240173339844
2021-12-13,133.8000030517578,1690.9300537109375,95.45108795166016,161.4930877685547,137.40249633789062,220.9036865234375,242.78433227539062,213.52000427246094,219.72000122070312,345.4800109863281,393.7298583984375,126.19999694824219,222.1313018798828,322.13665771484375,438.8197326660156
2021-12-14,135.60000610351562,1677.199951171875,95.5975570678711,162.0468292236328,133.8350067138672,220.36610412597656,243.61468505859375,202.32000732421875,217.66000366210938,341.29998779296875,387.41046142578125,122.80999755859375,223.18421936035156,319.5033264160156,426.65765380859375
2021-12-15,146.5,1701.1700439453125,96.75944519042969,165.29396057128906,135.32249450683594,221.02099609375,268.9158630371094,204.0399932861328,229.1300048828125,355.57000732421875,405.8199157714844,123.80999755859375,224.48377990722656,325.3299865722656,441.4173278808594
2021-12-16,138.63999938964844,1678.969970703125,99.1418228149414,167.20843505859375,132.33999633789062,220.57138061523438,272.5889892578125,190.85000610351562,218.2899932861328,350.0400085449219,400.1080322265625,124.44000244140625,213.2240447998047,308.97332763671875,442.711181640625
2021-12-17,137.75,1683.8399658203125,95.7732925415039,163.4451446533203,138.8350067138672,217.48265075683594,261.23760986328125,189.11000061035156,221.60000610351562,357.42999267578125,402.106689453125,126.6500015258789,211.82960510253906,310.8566589355469,447.6775207519531
2021-12-20,135.8000030517578,1679.8399658203125,96.50558471679688,165.7350311279297,136.22250366210938,215.4299774169922,257.3887023925781,178.72999572753906,218.47999572753906,346.1199951171875,395.28759765625,125.83999633789062,207.9214324951172,299.9800109863281,436.9486083984375
2021-12-21,144.25,1723.8900146484375,96.07597351074219,160.62969970703125,141.47500610351562,216.72021484375,258.75634765625,189.0,224.77999877929688,348.20001220703125,403.22357177734375,131.49000549316406,208.7561798095703,312.84332275390625,442.4125671386719
2021-12-22,143.8800048828125,1744.6600341796875,97.0523681640625,160.26370239257812,143.19749450683594,215.25404357910156,260.3388671875,189.3300018310547,225.10000610351562,351.80999755859375,400.7350158691406,131.38999938964844,206.5459747314453,336.2900085449219,451.4595031738281
2021-12-23,146.13999938964844,1748.6700439453125,97.17929077148438,159.3815460205078,143.00250244140625,216.33901977539062,266.7862854003906,188.1699981689453,228.08999633789062,351.2900085449219,402.3515930175781,133.44000244140625,209.64785766601562,355.6666564941406,457.6599426269531
2021-12-27,154.36000061035156,1766.239990234375,97.98967742919922,160.37632751464844,142.47000122070312,219.62322998046875,271.97357177734375,188.69000244140625,229.6699981689453,352.0799865722656,405.23199462890625,134.00999450683594,212.57901000976562,364.64666748046875,463.68133544921875
2021-12-28,153.14999389648438,1752.9100341796875,97.81393432617188,161.3523406982422,132.375,223.17138671875,270.039306640625,186.7899932861328,221.72999572753906,348.17999267578125,405.7904968261719,132.94000244140625,213.34735107421875,362.8233337402344,462.6661376953125
2021-12-29,148.25999450683594,1748.5999755859375,98.59504699707031,160.83619689941406,133.85000610351562,228.31275939941406,271.9833068847656,185.47000122070312,221.91000366210938,346.92999267578125,403.0080261230469,130.0,216.2025909423828,362.0633239746094,465.7713317871094
2021-12-30,145.14999389648438,1747.219970703125,99.02465057373047,161.7183837890625,135.32749938964844,230.5120391845703,270.8403625488281,186.41000366210938,222.00999450683594,352.9599914550781,404.30126953125,133.1999969482422,219.9875030517578,356.7799987792969,469.10546875
